flight_id,failure_within_horizon
45,0.00989820012329348
46,0.0336585957495483
47,0.010963694100182515
48,0.016616947310226955
49,0.03641867615045815
50,0.03547215635895839
51,0.019542169841340506
52,0.030952750228337603
53,0.055639704156628195
54,0.03526533779159221
55,0.03620050083660317
56,0.04539152472334158
57,0.07119359473648416
58,0.03938610801082694
59,0.043750578966804385
60,0.04014820037645055
61,0.026212292619916318
62,0.039285021724780954
63,0.19135810075087906
64,0.15919700195493583
65,0.09115760305283427
66,0.12345494285671146
67,0.1529514161750348
68,0.23003214400316516
69,0.23065342487051504
70,0.22031985961381162
71,0.14659355377853828
72,0.14795470960286805
73,0.20762592101675392
74,0.4752102112415523
75,0.4434312086965521
76,0.41728941504658273
77,0.3434693607506384
78,0.32355971320999594
79,0.4424306328659053
80,0.42243227299910474
81,0.3553585599857231
82,0.019978813757629235
83,0.02206009059224661
84,0.04403719330679988
85,0.04288083832443797
86,0.02940899879395433
87,0.046420944222693404
88,0.094724856181438
89,0.03786775380080392
90,0.051628019394032436
91,0.04617385636619334
92,0.049480135897611265
93,0.05774482316087048
94,0.030778370394148224
95,0.05026363298023326
96,0.09446755289434755
97,0.08840725373221799
98,0.1459575689085196
99,0.1112886893578293
100,0.16032996550444545
101,0.16403938349555774
102,0.578999050940063
103,0.1720650554900176
104,0.2985998009566665
165,0.05799873720344917
166,0.030657637018080813
167,0.04162214452616114
168,0.0776730878360579
169,0.051733402990631915
170,0.04044846441115933
171,0.052001054281171515
172,0.039099360942505816
173,0.04699079668222374
174,0.05281649293109433
175,0.06467655747125473
176,0.12819038198949084
177,0.08168865519101046
178,0.07649119574375386
179,0.15882821553109916
180,0.09234573855016918
181,0.11184319943538146
182,0.40909578323685014
183,0.10786250793935305
240,0.02375212981416844
241,0.02033469395854896
242,0.022707449077577817
243,0.03709743524785818
244,0.044193577994724634
245,0.08075874925892088
246,0.07566272620412116
247,0.029958285252014476
248,0.05710832864741573
249,0.12659170628330912
250,0.02875949790820729
251,0.071460222830375
252,0.06697742961660959
253,0.0524564331436499
254,0.05637845688381165
255,0.05636468113281157
256,0.0526029802445436
257,0.061630484617657556
288,0.028292881114801896
289,0.0325365044159666
290,0.018141245206425585
291,0.03241211181425855
292,0.027940506990482533
293,0.026496233042488326
294,0.029137962416812088
295,0.045843471329176454
296,0.07909066946478255
297,0.04737911596711964
298,0.08870612782653722
299,0.04812811954404893
300,0.053927377092282264
301,0.14646468810372157
302,0.06279013528442584
303,0.14863591797100653
304,0.11828586001653517
305,0.1975324691308646
406,0.01640112524752566
407,0.02012144227793455
408,0.024813026807897723
409,0.027474827645362944
410,0.05349620183922062
411,0.046500414302629106
412,0.061583923289362914
413,0.020707238900864875
414,0.0460111366688483
415,0.03667587590871589
416,0.05203279097057259
417,0.035777602008858225
418,0.0690671410816777
419,0.06294548909903179
420,0.0440181226337005
421,0.07685368266513601
422,0.15196807863454231
423,0.0892480244897946
424,0.143744583621298
425,0.11093163152390667
426,0.11672592433395708
427,0.2648176955823295
428,0.18791629170269214
429,0.3200239470871113
430,0.19455493305139177
431,0.12772189200377648
432,0.3122879595293331
433,0.23281313146204097
637,0.01746851370252373
638,0.0224501520428392
639,0.03595799148527449
640,0.01869484902895978
641,0.026614576130471718
642,0.01937184383804372
643,0.031190854855425974
644,0.033555877458655
645,0.07103432992130143
646,0.025721715388758965
647,0.05697021134317426
648,0.05101324596670779
649,0.04311814691349103
650,0.0511301007782471
651,0.07650719849892586
652,0.06188014746732273
890,0.0346633839766113
891,0.019866637485261004
892,0.01936065706088975
893,0.0211113243360643
894,0.053094672105968355
895,0.0446067068957465
896,0.02914386797193955
897,0.05916863494053745
898,0.0303816302897285
899,0.04682039634639651
900,0.041254812681773015
901,0.043854511552853255
902,0.09386276883553604
903,0.04044247521532295
904,0.08551474438146117
905,0.11042000645581744
906,0.11227629356854908
907,0.14095509166558612
908,0.43909125503894625
909,0.13586210944793564
910,0.7150379350892365
911,0.15614684152854025
912,0.1617402143257659
1050,0.05689744268347883
1051,0.03574691010497619
1052,0.019847853779592466
1053,0.023436677882647732
1054,0.02959383540670338
1055,0.05431942388190639
1056,0.06773748128142093
1057,0.025663706276637055
1058,0.08274034335036341
1059,0.061080599553785926
1060,0.06381472731117574
1061,0.06170865215594676
1062,0.07682024157848444
1063,0.07924886363718364
1064,0.16686745055434962
1065,0.10557164727362288
1066,0.09374186379017922
1067,0.183754762614801
1068,0.16299963556311453
1069,0.21513419494360056
1070,0.9714134463619926
1071,0.735168075667805
1072,0.33991174264658713
1073,0.9616887684756334
1074,0.3022345992050495
1075,0.40723243175625257
1076,0.03889675882970957
1077,0.06106812279714876
1078,0.032338781698090756
1079,0.026867003628317638
1080,0.0756073448846031
1081,0.04627903217233737
1082,0.04884412069871714
1083,0.09753218600887417
1084,0.07093586142245317
1085,0.06985942400186505
1086,0.03577615961436453
1087,0.08442286202930951
1088,0.0716654184490614
1089,0.09354767076544342
1090,0.08649656828491702
1091,0.09294071056583977
1092,0.09114576841870278
1093,0.18188181111575072
1094,0.3950793736200368
1095,0.7086040089644091
1096,0.16196555695792045
1097,0.24858765745752795
1098,0.2255046893971153
1099,0.2616806346367501
1100,0.46469126139214495
1101,0.9304550105935689
1102,0.5335370554829117
1123,0.04095345885978258
1124,0.026527908157979882
1125,0.03449066483677744
1126,0.029109258136433343
1127,0.030645171487066393
1128,0.016372770871660353
1129,0.05143515554909008
1130,0.04502616379836708
1131,0.0364885950082143
1132,0.06200832982308042
1133,0.08932244978748782
1134,0.06672058515658748
1135,0.04592624229032892
1136,0.08305567591643571
1137,0.035724210701872844
1138,0.026868605095061296
1139,0.0882863910029672
1140,0.4996821838551468
1141,0.07754780047013031
1142,0.14861739780951086
1143,0.9362187027799875
1144,0.1398978667522072
1145,0.1527613766418869
1161,0.012812959069049586
1162,0.011809701821979896
1163,0.025073158039784976
1164,0.021679522423050768
1165,0.007736938569027864
1166,0.02623462772515475
1167,0.027394095374595067
1168,0.03524658125929907
1169,0.035980057734617696
1170,0.03010630227117592
1171,0.025166159973652673
1172,0.014796369585490321
1173,0.031232062274049004
1174,0.04350697538685102
1175,0.016521509220295796
1176,0.08418513196598557
1177,0.03463074423860127
1178,0.07392841845946717
1179,0.043486170091488106
1180,0.07364859881872476
1181,0.07541959424262457
1182,0.03385006158754735
1183,0.07610909936695574
1184,0.08435137463153411
1185,0.07108075856914636
1186,0.060423385289455574
1187,0.06780953859708158
1188,0.09305307663263934
1189,0.12086192217057155
1190,0.053014059346513626
1191,0.09325128685156168
1192,0.5571005844650807
1229,0.0379429952346403
1230,0.029778644421121766
1231,0.039650759513559806
1232,0.034381268110156356
1233,0.060291898720597016
1234,0.05135543381329945
1235,0.0369682452609838
1236,0.04450404593321895
1237,0.07038445957333835
1238,0.05579925197282122
1239,0.053361441379392034
1240,0.05947224092025598
1241,0.07820180593707443
1242,0.1593513521511497
1243,0.09473612732540243
1244,0.10323272082971888
1245,0.09349359749992116
1246,0.08182825016261414
1556,0.03014231510013522
1557,0.038626131738800355
1558,0.021189924936883764
1559,0.022980935326492886
1560,0.0613363885872989
1561,0.03335380163816364
1562,0.04037104743998559
1563,0.03261534392475414
1564,0.03299006231562565
1565,0.0435115141912189
1566,0.044227802449299455
1567,0.058629175814254926
1568,0.10205866708428205
1569,0.1466669656914874
1570,0.0809601451947044
1571,0.08151123355721196
1572,0.15077926688430093
1573,0.1803490052740353
1592,0.02076619449711557
1593,0.022340542270021406
1594,0.014688451914628952
1595,0.020212315563517925
1596,0.03401249409252121
1597,0.02361051550490392
1598,0.034535827738712804
1599,0.03185478184106253
1600,0.026829559779902177
1601,0.03358508286727401
1602,0.03128337487360607
1603,0.030707084769762708
1604,0.06176304378024971
1605,0.07648557656606068
1606,0.05325619240977248
1607,0.03937628581764452
1608,0.07003297688137171
1609,0.09888546038543065
1610,0.1324380727113412
1611,0.10618037430117319
1612,0.20567559898873236
1613,0.12863473045524237
1614,0.1487451558206596
1615,0.06567062808265181
1616,0.2380560760631196
1617,0.33162108080096836
1618,0.17039037276518018
1619,0.025054246498783506
1620,0.032464830665905324
1621,0.04728585946048532
1622,0.03609167205442726
1623,0.03265584671656942
1624,0.07903369038695549
1625,0.05966661408686728
1626,0.08635610759357958
1627,0.05622343208584685
1628,0.07801888714390404
1629,0.046526373519560384
1630,0.1279343139340226
1631,0.0745422608954544
1632,0.11985946274656593
1633,0.17910610944192734
1634,0.18467919366829347
1635,0.1342589378666408
1636,0.3503228824680243
1637,0.19705664140673687
1638,0.15229391430094777
1639,0.13052689859167857
1640,0.1566705869606321
1641,0.38041848297336955
1642,0.28849663973653933
1643,0.37106226548694143
1644,0.4386594805030126
1645,0.4661595802108161
1646,0.276969909632929
1647,0.23990725739633598
1648,0.38719119896473375
1649,0.31359336341007327
1650,0.46815466229234937
1651,0.3511766426689379
1652,0.6042543146493469
1653,0.3845656122753164
1654,0.6385876010603155
1674,0.037581006723122305
1675,0.016164001100797784
1676,0.028186366120527977
1677,0.02450764065975456
1678,0.020913196407546564
1679,0.036350497316840195
1680,0.02070039602560236
1681,0.04540907126159068
1682,0.05348985433668215
1683,0.03304962251499151
1684,0.029720721440276387
1685,0.030628437259088266
1686,0.040746436991510135
1687,0.03619709403750537
1688,0.05977635738156099
1689,0.05237441891354642
1690,0.046199473697497745
1691,0.08242359989864571
1692,0.045625200920964636
1693,0.1361065547852381
1694,0.09593773996784026
1695,0.10245051004204475
1696,0.06375262362715223
1697,0.10990310499333775
1698,0.18809161963748136
1699,0.017570005083897812
1700,0.025000232921265398
1701,0.018404688991094435
1702,0.020646450925078105
1703,0.03696825170479358
1704,0.05505447151452582
1705,0.03908486028292408
1706,0.039427899797094774
1707,0.054144176307473646
1708,0.030356617258266532
1709,0.11782982942696121
1710,0.10733979591672363
1711,0.08164470914910489
1712,0.07165853928331202
1713,0.07203536967496244
1714,0.12322886405967759
1715,0.15739436412701246
1716,0.07253027179248432
1717,0.0869970100965525
1833,0.08654099557606808
1834,0.06303252528794974
1835,0.07847879456017075
1836,0.041349609909710504
1837,0.03880386813221567
1838,0.08114199154633464
1839,0.054357681931033616
1840,0.05878811270803325
1841,0.09351094849789492
1842,0.04395432933204462
1843,0.04341332141253689
1844,0.061343036895780266
1845,0.056893355597208276
1846,0.08899232858873413
1847,0.07475263990249317
1848,0.0961896119067473
1849,0.14035505700924927
1850,0.6016936289312894
1851,0.10934122655716634
1852,0.17076999620959366
1853,0.2597155937362374
1854,0.624172612316636
1855,0.14246400707242404
1856,0.02290526903371196
1857,0.0395841988682124
1858,0.027636782633271836
1859,0.01712643896936063
1860,0.04395064596782335
1861,0.06700457850093047
1862,0.04146113627132738
1863,0.04822117309128502
1864,0.059661687198191295
1865,0.043299887847531436
1866,0.05118674893175859
1867,0.09379889704205417
1868,0.1255345795116308
1869,0.03589491381959113
1870,0.13930296668288134
1871,0.05354419506122612
1872,0.06709227642456399
1873,0.154689689719701
1874,0.22327002660913714
1875,0.18164586963941304
1876,0.14365662942028815
1877,0.2443850663322778
1878,0.23758415286503656
1879,0.12128735209010476
1880,0.10386377188676323
1908,0.015719672226008875
1909,0.02392035799556552
1910,0.026990409057683774
1911,0.028455484910887386
1912,0.023561885879539893
1913,0.03592654916195957
1914,0.020848287692576708
1915,0.033012194226857014
1916,0.03504605439002749
1917,0.0605064416918519
1918,0.06991841746788716
1919,0.029622268100843705
1920,0.03705833764822735
1921,0.04707702479452388
1922,0.07193827128773259
1923,0.03531115701529224
1924,0.05281563819587219
1925,0.09043893760284673
1926,0.09100418990529338
1927,0.0546856054673824
1928,0.07424882491403918
1929,0.12623989068676936
1930,0.6625048443322004
1931,0.18617524807441013
1932,0.07818048439727383
1933,0.06768459499794503
1934,0.13545579094414115
1935,0.26925239230959735
1936,0.2388117303290268
1937,0.6707155999803819
1938,0.6678697403643897
1939,0.8613631736516496
1940,0.8696593024648426
1960,0.017214783929273055
1961,0.02044406730126611
1962,0.032601288762522426
1963,0.029731965727955553
1964,0.02427267389614237
1965,0.042399399718745415
1966,0.10859291389309547
1967,0.05114632393438731
1968,0.09028441465732041
1969,0.05667362279991861
1970,0.05986495018362811
1971,0.11447459109945522
1972,0.06228842968970862
1973,0.06270921265966908
1974,0.08585912727704977
1975,0.17835576510799037
1976,0.09898982901300958
1977,0.13567267249539622
1978,0.1536433222146508
1979,0.1917717130661292
1980,0.1461825621378031
1981,0.38022263354395985
1982,0.16237178638410607
1983,0.3217289039721856
1984,0.2363242568785551
1985,0.4346636888683011
1986,0.4120544084080553
1987,0.23233093489000287
1988,0.3917024506645672
1989,0.516263951415808
1990,0.27894486180864353
2037,0.016612272927468395
2038,0.019139333700655105
2039,0.03727069045179615
2040,0.03639720210810587
2041,0.03212136262208596
2042,0.02060730096472176
2043,0.0485622267593935
2044,0.028479404384938286
2045,0.03348383792482492
2046,0.03701452630027648
2047,0.04250745774667298
2048,0.05099237825058737
2049,0.03440309151337568
2050,0.04690203721516141
2051,0.12038180746880636
2052,0.053927550967243144
2053,0.07392305412065699
2054,0.09789629765953733
2055,0.11164300403700173
2056,0.1753180284886024
2057,0.08588573744984793
2058,0.08686189396907715
2059,0.05380935039322828
2060,0.12358931412687543
2061,0.17462037904323632
2062,0.15372264237817443
2063,0.16488519905895901
2064,0.18072469334926644
2065,0.3075696074823205
2066,0.16252466763803017
2067,0.32842291441910126
2068,0.3514504183093694
2069,0.3115224120501637
2205,0.015420496941038642
2206,0.03957918555465666
2207,0.05464637840523499
2208,0.025859123886522072
2209,0.02359764229766958
2210,0.018812232812269434
2211,0.05571479203649925
2212,0.03033238079719644
2213,0.02286755375859087
2214,0.05131539778728548
2215,0.08284510319029573
2216,0.06361935749368614
2217,0.09639864406214034
2218,0.05367763247212607
2219,0.10024608976763202
2220,0.14988774872868207
2221,0.09360746764124231
2222,0.07301769891751185
2223,0.09889085160436185
2224,0.10868605667952119
2225,0.13271558908479644
2226,0.2529966349970238
2227,0.13298835207316628
2228,0.2982835012566097
2229,0.417774977445836
2230,0.2193714602903376
2231,0.3515121444121819
2232,0.19894510243615388
2233,0.35841205610863064
2281,0.023905594038575395
2282,0.017608493452285143
2283,0.025065227786331842
2284,0.048962979147352675
2285,0.02993666532649149
2286,0.030105444046400056
2287,0.055583594121285856
2288,0.03504734098306131
2289,0.0318451366421984
2290,0.036522961476304024
2291,0.10387813779113511
2292,0.05743422101726847
2293,0.07768124818853597
2294,0.04860387000420173
2295,0.04886991109274401
2296,0.1699829472224394
2297,0.14089949562624496
2298,0.12784500368269897
2299,0.16518180396782237
2300,0.09891796483409204
2325,0.066588944135201
2326,0.03761191568524333
2327,0.03651845223587582
2328,0.023059631656080597
2329,0.04569776763272919
2330,0.04196565473511244
2331,0.055530592520012814
2332,0.08260957706623101
2333,0.1064832010931111
2334,0.06130769437137725
2335,0.060742939088514435
2336,0.11795716119678185
2337,0.07518765351468092
2338,0.10168381314021868
2339,0.09225603329443867
2340,0.1187535171433219
2341,0.13086727060666178
2342,0.06633878663824168
2343,0.11244998901026693
2344,0.12954961610826596
2345,0.1493405203940611
2346,0.5779789320099774
2347,0.21844580915115966
2348,0.1639992614847566
2349,0.1520146502520098
2350,0.41871319487341413
2351,0.30184946028851967
2352,0.3622208140158399
2353,0.2439671146840337
2354,0.2767999211879436
2355,0.31970287354546023
2356,0.3655402610277233
2357,0.3137116000436275
2358,0.01599990992758408
2359,0.00956760292686383
2360,0.008389791703084931
2361,0.03432574711300176
2362,0.07060792261791589
2363,0.019342457447713842
2364,0.03269465138838986
2365,0.02665871070010519
2366,0.08491136110416099
2367,0.07533243523465336
2368,0.03508704456191406
2369,0.04313990874764839
2370,0.045051908829946814
2371,0.07552901943877238
2372,0.08634888370918536
2373,0.08338339957334263
2729,0.02876609342317904
2730,0.027858564053454552
2731,0.023589883936976707
2732,0.13273785327725077
2733,0.04601457072594738
2734,0.030215394855260556
2735,0.07807237384958166
2736,0.03948713136660125
2737,0.039156235644272855
2738,0.056278058361555416
2739,0.07281105517968287
2740,0.06267614161125808
2741,0.03949080647816337
2742,0.05130384374200494
2743,0.07560214128420674
2744,0.049342377587550605
2745,0.040450467717114295
2746,0.10854719153877071
2747,0.13559195368378482
2748,0.08996254435466436
2749,0.09540477619155757
2750,0.25442254404257564
2751,0.1140922818927725
2752,0.24179177851634476
2753,0.3110728603147415
2754,0.6606944173099543
2755,0.7667758484819011
2756,0.6161568270685884
2757,0.22491980260138
3179,0.020328154131514793
3180,0.03722423935669394
3181,0.053850222276149225
3182,0.019434262400248023
3183,0.016918209928876684
3184,0.03782805151543366
3185,0.061121277099840034
3186,0.05298995365242742
3187,0.02999053864693193
3188,0.03593365781459577
3189,0.04613658593007266
3190,0.05881577505098881
3191,0.0481551498214729
3192,0.10928952669486712
3193,0.07311337696822293
3194,0.04940497469312434
3195,0.06945504294292211
3196,0.073580224365321
3197,0.08447190945398902
3198,0.08685656283290294
3199,0.09675034435855435
3200,0.08000334816695319
3201,0.21472821699120898
3202,0.0986633351381932
3203,0.1076911981506575
3204,0.743785752164228
3205,0.10628671878541249
3206,0.4104505086769485
3207,0.3458666568595216
3208,0.8342358971513582
3209,0.189247684574357
3210,0.8983961588031282
3211,0.8970937602162564
3212,0.5674418211021907
3213,0.9494803815432362
3214,0.49923347334874046
3215,0.6402477135137412
3531,0.028656566404991406
3532,0.014649572828687826
3533,0.03902851105918823
3534,0.020838968012169817
3535,0.018616860347712184
3536,0.026165459220604516
3537,0.03922503254973496
3538,0.0327056394256976
3539,0.027721361351053523
3540,0.030485773947186514
3541,0.03705746416221111
3542,0.046357420185825886
3543,0.03332442680469227
3544,0.06828230103899674
3545,0.03050730865696457
3546,0.034316658084994435
3547,0.030646817245133396
3548,0.036687762589519314
3549,0.1380790875865548
3550,0.07619986738083157
3551,0.06524231222101713
3552,0.08325275008697303
3553,0.04643524438465633
3554,0.13373446246161466
3555,0.07333181623948966
3556,0.054056701913612205
3557,0.23659772794208636
3558,0.10175384932346715
3559,0.08380235227674793
3560,0.7426139136290291
3561,0.21706917550346705
3562,0.14801773295672474
3563,0.1010083040752264
3564,0.39161480258012754
3565,0.8745559316898041
3566,0.42320212001162777
3567,0.4218940192754157
3568,0.47478769335251264
3569,0.397937074259683
3627,0.03032608167476984
3628,0.01742357672535212
3629,0.02395110182355469
3630,0.02483421396012943
3631,0.051220933652384094
3632,0.056629375659054994
3633,0.04594811997366201
3634,0.04676449558075171
3635,0.06086355790801721
3636,0.03485793361465943
3637,0.11582099164644553
3638,0.062086179612164116
3639,0.09304914688673176
3640,0.06622137977220384
3641,0.04924183209372581
3642,0.15917462480825056
3643,0.10004871017101911
3644,0.20472982986454455
3645,0.3524547589067432
3646,0.11942013198114226
3647,0.09983991236473909
3675,0.04654609733405537
3676,0.02710739565881727
3677,0.020148160869129614
3678,0.014192580850701627
3679,0.06926044387103904
3680,0.03913831393850925
3681,0.05035718280941928
3682,0.0573776981856138
3683,0.07205221850583163
3684,0.0816583367542674
3685,0.06631531000039269
3686,0.1085636249957851
3687,0.06697162904332513
3688,0.027107247726273022
3689,0.06412996675493694
3690,0.0776628647057167
3691,0.0694587442100942
3692,0.13655819971797645
3693,0.5355996067834761
3694,0.11760874767334607
3778,0.028783700027960348
3779,0.02289030280938933
3780,0.04518078806935888
3781,0.033143337711711775
3782,0.02507973009757681
3783,0.03173937122348118
3784,0.0381858080869793
3785,0.0323098137472727
3786,0.029360646526790376
3787,0.030225668931775165
3788,0.027919968365864675
3789,0.10033023154346182
3790,0.039409385034571594
3791,0.03822317323350973
3792,0.08127487129528466
3793,0.07500031121726086
3794,0.08194286949521792
3795,0.12180820793446119
3796,0.06080648303942186
3797,0.07962965794889579
3798,0.06783452210273754
3799,0.07223322147490256
3942,0.04465799548526308
3943,0.026160726601195384
3944,0.017518730104368347
3945,0.04460799327534506
3946,0.03566526182184168
3947,0.03779294393039354
3948,0.025271951142668923
3949,0.04204659690036459
3950,0.09635383375312757
3951,0.039050742795779456
3952,0.06538837311842233
3953,0.05890026413986908
3954,0.06905077145058382
3955,0.03845160989857362
3956,0.05438965831187857
3982,0.008197845615362711
3983,0.021668938951759465
3984,0.016083251033002417
3985,0.038008381697079235
3986,0.011113967696129358
3987,0.025165806779360346
3988,0.04043767928633231
3989,0.03083864934779367
3990,0.023169670539357486
3991,0.027034007154636802
3992,0.03842371619000709
3993,0.06675644508237166
3994,0.06818496497548573
3995,0.04534546949753604
3996,0.08174101182069644
3997,0.05467205880525247
3998,0.10615849400954923
3999,0.09526339830937783
4000,0.07186056227721446
4001,0.14837669144846638
4002,0.1483042378697147
4003,0.157777814040545
4004,0.12783061445238247
4005,0.1349125121438955
4006,0.11716184727246297
4007,0.31311634167555863
4008,0.14397294448518289
4009,0.11837776526139442
4010,0.23682107951158504
4011,0.1365962949009697
4012,0.2533829204747262
4013,0.128214801360899
4014,0.26507690274029677
4015,0.43392721853197674
4016,0.39369684921510406
4017,0.20650557878834347
4018,0.3082184349902406
4019,0.31011334865593393
4020,0.22447552459531112
4021,0.2305694738932286
4051,0.06548286942211264
4052,0.037421178842013736
4053,0.04580808740885216
4054,0.05089761460119009
4055,0.07901839302116506
4056,0.0552671139437129
4057,0.050355495908960504
4058,0.06159440282458454
4059,0.04106934169136026
4060,0.0741046293300131
4061,0.06965835923834936
4062,0.18489508979701547
4063,0.08413223921371721
4064,0.14425577805657097
4065,0.12415377512925871
4066,0.12234267797081888
4067,0.2919683458852938
4210,0.009994486248934205
4211,0.013407291168969895
4212,0.013959289951631025
4213,0.01661234358834198
4214,0.016527613256134856
4215,0.022161621793494263
4216,0.01392160731127436
4217,0.022378071259330643
4218,0.05550011817594655
4219,0.05978666386329005
4220,0.048770507230967056
4221,0.025145061219452796
4222,0.07910519128096474
4223,0.04658800855643887
4224,0.040676780743788346
4225,0.06838232182624387
4226,0.09562105970557469
4227,0.05324579489484796
4228,0.06993520051446318
4229,0.08006083825292923
4230,0.14138454843460962
4231,0.18003835018166295
4232,0.10354093206560518
4233,0.28884928489024786
4234,0.07131300742032429
4235,0.1023714313560891
4236,0.20747378670631705
4237,0.22987316733340393
4333,0.029831364023665593
4334,0.04782048143257736
4335,0.06817645321674753
4336,0.03135602990904187
4337,0.029660566885865613
4338,0.028304477339670845
4339,0.047913140967799764
4340,0.06529161315925927
4341,0.06468777002129689
4342,0.047342909282673165
4343,0.07895737635297229
4344,0.11152855391363937
4345,0.06536239429031476
4346,0.06028169668034647
4347,0.11115984998114642
4348,0.05362075618357041
4349,0.059650227924297194
4350,0.5985987508274604
4351,0.3620856781674643
4352,0.09311506042843762
4353,0.1771811289765272
4354,0.1232588357481426
4355,0.27444714567567147
4356,0.14092912332376004
4399,0.012607223308759819
4400,0.026491193367256246
4401,0.11260413551535225
4402,0.03106974121873647
4403,0.036089333474112736
4404,0.04035087093349759
4405,0.019154630164057933
4406,0.06572600840522397
4407,0.06718041567362809
4408,0.10213723579459956
4409,0.050917142242359395
4410,0.0747351505026176
4411,0.09854240532858308
4412,0.0850791293488163
4413,0.083832000514964
4414,0.19613654253564936
4415,0.08441910629138491
4416,0.23303694473744183
4417,0.2974679711327453
4418,0.13346430188149672
4419,0.01415209525393021
4420,0.013858369806763936
4421,0.013964591789482554
4422,0.01377705861527125
4423,0.021847301521517197
4424,0.02302080099295992
4425,0.017733568110598685
4426,0.04239303977399806
4427,0.02645848235028217
4428,0.03504533429388805
4429,0.05687072440610813
4430,0.030642247607122624
4431,0.030903952904992937
4432,0.03572160814366552
4433,0.041023195814061955
4434,0.03952131454452497
4435,0.04265120312109764
4436,0.04173971820412969
4437,0.055329655815239714
4438,0.05510994860734822
4439,0.09123228832566248
4440,0.11293724102812557
4441,0.11526449902953678
4442,0.48019391672363
4443,0.5195460053877481
4444,0.6618181007163971
4445,0.626951389815693
4446,0.3308116830733152
4447,0.223175561339496
4448,0.2860158905546177
4449,0.17888276740621456
4498,0.010634916096724055
4499,0.02831444340887278
4500,0.010970508593451646
4501,0.010712786225873147
4502,0.016294225500324822
4503,0.01112380576974182
4504,0.026189051730846735
4505,0.020571338559229803
4506,0.023053415535755996
4507,0.02553529174815652
4508,0.03643045024214212
4509,0.03337652967394999
4510,0.10435446899083115
4511,0.045556347527525666
4512,0.09545898483852792
4513,0.0567475998792551
4514,0.06324114657603307
4515,0.07906059568023158
4610,0.012555754416654678
4611,0.019413917152321106
4612,0.02828125381005625
4613,0.02854831004639116
4614,0.01623646162553761
4615,0.06526076216105167
4616,0.030118049764156753
4617,0.0646736039058558
4618,0.0412163193079525
4619,0.03706809183483286
4620,0.11972741494433105
4621,0.0717893971623807
4622,0.026578834361433816
4623,0.1657984025188261
4624,0.039489143848134955
4625,0.9225542005752789
4626,0.10418134452756511
4627,0.11746798450129765
4628,0.5819968733013591
4629,0.14528565956081044
4630,0.24101213122752801
4742,0.03277283052532135
4743,0.022367721004023317
4744,0.01420423668911657
4745,0.023871462567641687
4746,0.030289346947094172
4747,0.04706912982354399
4748,0.02492074882049634
4749,0.018294558953280988
4750,0.030238122394377214
4751,0.02529493797180804
4752,0.04806035893136655
4753,0.030184800304666765
4754,0.07162807713045143
4755,0.036083471749767955
4756,0.07553635247501521
4757,0.032897515266804206
4758,0.035277832042533125
4759,0.32382752363606193
4760,0.04649282784049998
4761,0.056328327374600036
4762,0.16846222744905853
4763,0.5270685948775272
4764,0.7116869193035799
4765,0.1373496527959836
4766,0.24802906350233508
4767,0.6067692742469453
4768,0.40685812410784306
4769,0.2504660801868276
4792,0.02002095703808189
4793,0.038337259101001664
4794,0.030980027907960856
4795,0.01925043150633944
4796,0.02910915131429698
4797,0.037498425251117636
4798,0.027279180624917593
4799,0.036488526334163
4800,0.0431491734027357
4801,0.046106266156060734
4802,0.05763570285747112
4803,0.05630785138448301
4804,0.09218790398060268
4805,0.10227354923959628
4806,0.10620367986852433
4807,0.06688087579231475
4808,0.541177784546795
4809,0.07415252875028464
4810,0.24527179061485097
4811,0.0848445550633615
4812,0.17273035795981828
4813,0.1550140021123119
4814,0.22541264317134918
4815,0.8137821830623825
4816,0.23649389594671424
4817,0.2690231093042404
4818,0.07132029242331331
4819,0.07832676165111531
4820,0.05514717734815225
4821,0.04348161484401495
4822,0.11614841217408632
4823,0.06208383739179208
4824,0.09073326739088526
4825,0.05157619702709512
4826,0.062169987979043086
4827,0.04735697261382051
4828,0.06467728587166399
4829,0.15465129021881374
4830,0.06658010477896555
4831,0.0745702052578924
4832,0.08647618078089646
4833,0.0979446514049109
4834,0.1554623196878686
4835,0.07587399752673751
4836,0.07977471147453534
4837,0.1700242504082863
4838,0.33719372484803756
4839,0.21031297668935223
4840,0.2448016643675596
4841,0.18176771803219913
4842,0.1366977149036048
4843,0.1123603228012942
4844,0.41111005932492295
4845,0.2979098715616062
4846,0.3150830252958493
4847,0.3064305235707011
4848,0.6280899695367991
4849,0.4039438412858962
4850,0.8880514863484924
4851,0.6731601949690297
4852,0.5267464779476606
4853,0.6221577141584719
4921,0.022516253882280422
4922,0.01614962007095965
4923,0.015726133640053958
4924,0.024360669059154877
4925,0.045502039805469185
4926,0.02552783980833319
4927,0.03434950175423868
4928,0.033668890835748706
4929,0.05074840901015994
4930,0.04371015776916146
4931,0.04474840479552489
4932,0.053823806114829266
4933,0.03771429444189166
4934,0.03145898660740114
4935,0.05776239970439309
4936,0.061468955909448925
4937,0.03133774098996801
4963,0.017106772580395384
4964,0.03543174410760089
4965,0.036726262968362074
4966,0.0225140741584093
4967,0.03753684048377576
4968,0.026873216613637268
4969,0.033590718517287156
4970,0.04467010876978935
4971,0.03068176156028945
4972,0.03365240564060584
4973,0.05363081417117968
4974,0.0351455190526879
4975,0.0878609797835098
4976,0.06910996727315495
4977,0.05515113773199323
4978,0.0737731651299965
4979,0.06510961479989218
4980,0.061197333138830204
4981,0.06035611366705848
4982,0.12096990232985894
4983,0.06367328119688895
4984,0.0896668210889543
4985,0.6128565414229721
4986,0.13475747106305536
4987,0.15870202246339077
4988,0.14032023163301252
4989,0.3122506866236649
4990,0.8130779694900264
4991,0.2961688594624324
4992,0.3581274797391457
4993,0.5403193222698526
4994,0.956599734490186
4995,0.5061636122862784
5039,0.013485911083572255
5040,0.04425411114911115
5041,0.035028691564765874
5042,0.03125861717612247
5043,0.02517782683839536
5044,0.02626389781868277
5045,0.027888496416725996
5046,0.03136552763904302
5047,0.031210926012695733
5048,0.07696933078466636
5049,0.06686178656397161
5050,0.08023315535151243
5051,0.07568047825841197
5052,0.03474998054385272
5053,0.04307310970065266
5054,0.10042344852382379
5055,0.054145953877702296
5056,0.08167489839282713
5057,0.06005150170879606
5058,0.0778427875530515
5059,0.08719674637211433
5060,0.20653178986726317
5061,0.06653010656299267
5062,0.11301001737135007
5063,0.18376882609547515
5064,0.14346175754111168
5065,0.38559008823072455
5066,0.13336081354499638
5100,0.06058252368549604
5101,0.027256342643359122
5102,0.039933101617880835
5103,0.044983284230385244
5104,0.1039491489461765
5105,0.05673678569934245
5106,0.058681675214803816
5107,0.05190623575498109
5108,0.1000181623708631
5109,0.1068490285384517
5110,0.10186987596704186
5111,0.06241338322643421
5112,0.15139129997174475
5113,0.14516176683187026
5114,0.11140807480596929
5115,0.26073144859276937
5116,0.20734045810350424
5117,0.20093082677767415
5118,0.12495537528061462
5119,0.14346917433494083
5120,0.1443694646617984
5121,0.16995368127039331
5122,0.35177121133644806
5123,0.1007060983514627
5124,0.17922178499204255
5125,0.21945621599075527
5126,0.48128659554911635
5127,0.19121723858231648
5128,0.3915398012948724
5129,0.342531215319834
5130,0.5820623343899102
5131,0.5244102917564945
5132,0.5235814691309872
5133,0.38865581122016885
5134,0.369654303701002
5135,0.011601553410822892
5136,0.01247902794124892
5137,0.021354880373604664
5138,0.01405437989646938
5139,0.009612808056147408
5140,0.017194712529747243
5141,0.015239715541752274
5142,0.017190261885254472
5143,0.03971185436428423
5144,0.015463081019425059
5145,0.03390115854102418
5146,0.022959006797267395
5147,0.020990527586071794
5148,0.05434073404558991
5149,0.018397176955217788
5150,0.02741823804613615
5151,0.013715908039003943
5152,0.026877813022883085
5153,0.030217914529594624
5154,0.045708991161552415
5155,0.026615595228524025
5156,0.04267619719370405
5157,0.05062373789334683
5158,0.03631777037034025
5159,0.04385033408518662
5160,0.04795009193658064
5161,0.03881864182267827
5162,0.04561846979762447
5163,0.603354711527336
5164,0.09268470887596073
5165,0.5786757008366907
5166,0.7798836322272883
5167,0.10575723040781877
5168,0.03369980469682454
5169,0.04346792432984382
5170,0.03908386389324803
5171,0.06399424361416382
5172,0.03552353334444063
5173,0.053260983082414524
5174,0.05676580429417503
5175,0.09731001694111995
5176,0.12015137500799068
5177,0.08727407993009972
5178,0.0704860622101203
5179,0.05966798357696833
5180,0.05412312646823915
5181,0.16513541461884906
5182,0.09966090902183647
5183,0.08369754963582089
5184,0.11731628120628464
5185,0.1703089441117181
5186,0.1689885353468343
5187,0.13011523446127185
5188,0.1655230787294241
5189,0.24964592634859634
5190,0.4060180297892909
5191,0.32113799461847176
5192,0.2966108447607295
5193,0.3482087211162527
5194,0.9776109124698962
5195,0.9933395101654462
5196,0.9036636454258387
5197,0.3081810797236582
5198,0.03687676479613745
5199,0.05239726677691528
5200,0.04331969444570045
5201,0.0226045085697767
5202,0.03649838897336247
5203,0.035864183250934066
5204,0.027260059983185984
5205,0.0772356133009751
5206,0.10189536509356491
5207,0.07121046717026892
5208,0.043809024171683246
5209,0.0711100353094164
5210,0.06091185132848312
5211,0.17334183789070903
5212,0.06002369773749171
5213,0.05823250069359925
5214,0.1360600132692684
5215,0.08700882730921113
5216,0.07531310628299046
5217,0.07045027075013366
5218,0.11275310394324024
5219,0.4197832526249493
5220,0.18526574640371757
5221,0.21836094925985047
5222,0.25567974525110226
5223,0.15038735911065046
5224,0.2086277703581525
5225,0.40800492545563316
5226,0.7463445781488495
5227,0.9004244471894408
5228,0.8955039268194949
5229,0.4890007404408543
5358,0.008125087848657564
5359,0.025807178701694144
5360,0.024339268873821752
5361,0.042807842203918166
5362,0.03194892435288164
5363,0.023962729681195994
5364,0.01802852795755711
5365,0.015707970553022563
5366,0.037316737620563714
5367,0.02931059838650684
5368,0.06410062238645048
5369,0.03902788400128246
5370,0.09655106222416229
5371,0.056325397646924784
5372,0.09938530531207489
5373,0.04382927682918305
5374,0.14029506545555154
5375,0.0618642326850167
5376,0.16259731924256343
5377,0.06158652019585365
5378,0.06604410575719735
5379,0.05360418629392039
5380,0.16596488085920405
5381,0.1683111317807606
5382,0.26906159553597914
5383,0.6155817678294617
5384,0.25984966320405456
5385,0.17141917143017596
5386,0.19061121480080043
5418,0.013213206841668186
5419,0.01362485457640213
5420,0.017497029134118994
5421,0.020166690829118334
5422,0.019427345139961062
5423,0.030073549223550315
5424,0.06074193958695601
5425,0.03993870304423851
5426,0.04203812437958885
5427,0.0760947735443292
5428,0.05555136396892869
5429,0.04284214330465797
5430,0.036200767576664204
5431,0.06521405546960309
5432,0.05900790469981049
5433,0.07092273015528607
5434,0.05523174768021075
5435,0.16130990985650662
5436,0.047852568081773336
5437,0.06489764459196584
5438,0.10545537943047573
5439,0.16430863903810072
5440,0.16316601382468157
5441,0.13470617944526847
5442,0.11447901207150245
5443,0.07963824043684532
5444,0.37751179577229665
5445,0.2661388665699625
5446,0.2750089213185766
5447,0.3946142170414776
5448,0.3136906789762408
5449,0.3089513941556975
5450,0.3059341737422246
5451,0.2659776091400313
5512,0.02982922397738994
5513,0.03380553845545735
5514,0.052702431846526517
5515,0.025345536528038413
5516,0.06932060740937172
5517,0.03635545146550601
5518,0.028313696511164898
5519,0.024464007416700254
5520,0.04076637268508411
5521,0.10563402533172575
5522,0.03575473856285889
5523,0.08377916114404084
5524,0.02975371659371118
5525,0.07129462509491417
5526,0.05987798561683179
5527,0.08823596222454438
5624,0.020424802638048144
5625,0.03617690163782803
5626,0.028559920866797348
5627,0.044373543645007965
5628,0.02212127959264823
5629,0.01976149473579881
5630,0.04390256035674225
5631,0.048981308413658844
5632,0.02598319794021254
5633,0.06053250326173178
5634,0.06084377290671167
5635,0.07010222148675573
5636,0.04549627498815766
5637,0.04361070123970973
5638,0.043711162688691366
5639,0.06971847576781837
5640,0.04693361710700954
5641,0.06533352663857175
5642,0.061973517569654975
5643,0.07242432477598712
5644,0.055521327986754236
5645,0.11388626915492134
5646,0.0679247736681884
5647,0.045596389953557775
5648,0.06743765168129834
5649,0.0939570693150015
5650,0.19112264632006837
5651,0.07560144093408985
5652,0.10078869850181434
5653,0.18972731794010886
5654,0.7309386446017294
5655,0.11321138143635791
5656,0.04270196357567702
5657,0.016941679373482194
5658,0.03615762425368256
5659,0.028037460016802566
5660,0.06423121456079432
5661,0.07694926229508021
5662,0.03579691913052706
5663,0.08664437682484749
5664,0.11011012827833837
5665,0.06747504716658816
5666,0.07933962267818534
5667,0.08380668211546959
5668,0.07822205974423416
5669,0.07229193596993759
5670,0.17553350859141545
5671,0.6615809982854294
5672,0.23804320121150388
5673,0.19117553600350873
5674,0.10317350792924933
5675,0.33978531673262974
5799,0.04499731989954132
5800,0.03310233415538015
5801,0.04762821765044519
5802,0.02276534722249599
5803,0.021223951908194497
5804,0.03183749693424527
5805,0.034049921615048294
5806,0.07970539081284538
5807,0.057873369021551636
5808,0.08378229687701336
5809,0.029846436945802742
5810,0.07685986532855882
5811,0.043637464806545095
5812,0.08476846453179776
5813,0.032196575740776154
5814,0.08868745377080735
5815,0.06560024560146643
5816,0.06782942638811672
5817,0.07993110264624396
5818,0.161574346818746
5819,0.09662571593633379
5820,0.09231680969904324
5821,0.11876783164525764
5822,0.15692916448032296
5823,0.14177369681702756
5824,0.20828748829042776
5825,0.09684931358711435
5826,0.9814549611201687
5827,0.14115446350639343
5828,0.43618387546670323
5829,0.9717322848723692
5830,0.2523242544082129
5831,0.31966903052150214
6036,0.02373861986016637
6037,0.07650571674884113
6038,0.08099225776319295
6039,0.0550221416553065
6040,0.09106259195269979
6041,0.05685525283396941
6042,0.06280578674990199
6043,0.07458282884599308
6044,0.09208899460209523
6045,0.08374866637244632
6046,0.05999898819712902
6047,0.2245890451114985
6048,0.10750147503675053
6049,0.11943129662664781
6050,0.12594456524627942
6051,0.18098470874615202
6052,0.12344210566315529
6053,0.1363462738602813
6054,0.16563538170627234
6055,0.30124460353399746
6056,0.37483081735816454
6057,0.2585164203900508
6058,0.9820387419554243
6059,0.25746651808316445
6060,0.20463862642141253
6061,0.03890409836572598
6062,0.03795707833334934
6063,0.020227706867292833
6064,0.02136128933749028
6065,0.01854433648762035
6066,0.03353638510151306
6067,0.029669386198729695
6068,0.03257386280652057
6069,0.06964678389349681
6070,0.03953481136096843
6071,0.0265855356914429
6072,0.05254746438442208
6073,0.03756441923213887
6074,0.06364204216478228
6075,0.06371449097680308
6076,0.0747740234823926
6077,0.09649036567666285
6138,0.041810423831076284
6139,0.022952805327859562
6140,0.027643146542307828
6141,0.05636772879853548
6142,0.0294328345606513
6143,0.034796532681850637
6144,0.05862184945123178
6145,0.05424208854724277
6146,0.0715766100584082
6147,0.037848740507488175
6148,0.03559075254175314
6149,0.03232754166336582
6150,0.045271939524080915
6151,0.11402413056484123
6152,0.0863030113197973
6153,0.1212371674861533
6154,0.062051277912732454
6155,0.1884137886601566
6156,0.15611306284456788
6157,0.15611774056951214
6158,0.19477026136529127
6159,0.09455592446190442
6160,0.7019100818396197
6161,0.740573423571898
6162,0.17418690358245056
6163,0.7859388450655468
6340,0.023054086618353536
6341,0.015622141246690794
6342,0.03743840567007618
6343,0.027629940015909578
6344,0.05150970035913908
6345,0.02565444308593083
6346,0.024964706403905728
6347,0.02275997022192112
6348,0.025448309876483673
6349,0.03395397327161741
6350,0.03907861869696172
6351,0.07403967539764437
6352,0.04476177856592885
6353,0.07719683822476003
6354,0.05702797706811187
6355,0.0553217581318642
6356,0.0661398203063759
6357,0.1990516878322207
6358,0.0811184995801816
6359,0.1211096607409588
6360,0.07494306850398615
6361,0.22585978836412815
6362,0.11101970427516734
6363,0.16986364405898619
6364,0.20878586455781342
6365,0.10443385679771494
6366,0.12032932335461333
6367,0.11299677809797734
6368,0.3158322159964177
6369,0.2753157693652808
6370,0.1756750700771021
6371,0.3295160403466838
6372,0.3314781189799302
6373,0.5276797461496306
6374,0.4372982476001918
6375,0.5286921377736159
6376,0.4630747988531018
6377,0.4924552696772422
6551,0.019506794174730502
6552,0.012562265837904788
6553,0.020249424193152617
6554,0.018342502607616894
6555,0.04380434310537447
6556,0.017284495048347052
6557,0.031733801167963975
6558,0.05018332918868322
6559,0.05445655268142876
6560,0.07036845075895562
6561,0.07408842528234365
6562,0.049632047792541684
6563,0.03629866994542084
6564,0.08242192738356723
6565,0.056895401878281834
6566,0.09731627596854006
6567,0.08628037763278386
6568,0.16401328362810894
6569,0.06035543054033442
6673,0.016264116518732472
6674,0.019100653493618055
6675,0.02360078164162566
6676,0.03824043799793104
6677,0.01208548696467389
6678,0.02242942335780517
6679,0.031219452820458765
6680,0.02552245361542159
6681,0.02338726527478238
6682,0.03780454532347108
6683,0.033664266741165474
6684,0.045838922515562215
6685,0.0296249016614724
6686,0.08667701868817723
6687,0.048967803008012914
6688,0.04650219579570855
6689,0.12946344815305338
6690,0.1346272056605829
6691,0.0906210884265328
6692,0.0835007842072966
6693,0.11938901409739507
6694,0.0700436163059791
6695,0.09162798551548547
6696,0.10712579029291609
6697,0.10288367582227713
6698,0.34997502011746234
6699,0.3157960494304201
6700,0.1803771883987563
6701,0.22391975202137968
6702,0.29302457763353607
6703,0.18306939216272822
6704,0.4672821415101095
6705,0.2620246794021335
6706,0.22814164815116308
6707,0.17038938992861352
6708,0.2911940466630622
6709,0.3782616495289555
6710,0.49113445041014736
6711,0.5240490080770007
6712,0.5581676473387702
6713,0.43528085112504794
6714,0.4800875958084209
6715,0.4980504170292459
6854,0.039220848656225646
6855,0.0245075235018124
6856,0.07289458547848987
6857,0.043186837903712
6858,0.052907810470402244
6859,0.044853283148085225
6860,0.046156965387905945
6861,0.12344645573635335
6862,0.069559045720195
6863,0.09094614173503579
6864,0.0594876246941516
6865,0.056858274483896944
6866,0.12226715477060723
6867,0.11547785231724708
6868,0.15539498374796296
6869,0.10670633773289802
6870,0.2110969161293854
6871,0.2107602273828981
6872,0.14037149315591588
6873,0.16312908192091155
6874,0.2532150295821945
6875,0.37247429520016784
6876,0.371132763398567
6877,0.1639257501752545
6878,0.38440896622765175
6879,0.3584396612286849
6880,0.3272292350014642
6881,0.3190795181360955
6882,0.2859313361555815
7182,0.02886505155704824
7183,0.0381503390954722
7184,0.029314958084186948
7185,0.012775227084616751
7186,0.03026804929394141
7187,0.02136737248084064
7188,0.029273990387043675
7189,0.014177721542729602
7190,0.029102546297376224
7191,0.033362156637803814
7192,0.04112430152415165
7193,0.028693114565436155
7194,0.08551312743341286
7195,0.04572834492952437
7196,0.045969315512081485
7197,0.05987365096032896
7198,0.041688275091263785
7199,0.048782610940934695
7200,0.03830741347255558
7201,0.07359546265996793
7202,0.0692309110030312
7203,0.07382108788309326
7204,0.13546145544739951
7205,0.1588254958768796
7206,0.05910283935207244
7207,0.061871855130138084
7208,0.11578258031838348
7209,0.7107565467973056
7210,0.7586518799071942
7211,0.29061519543223985
7212,0.3285114214844797
7213,0.2279259512222382
7234,0.04342865671097393
7235,0.03084054446811305
7236,0.030937511840386924
7237,0.020972042234431717
7238,0.02970206802559715
7239,0.03824944178586243
7240,0.059916184983683764
7241,0.02915035095993462
7242,0.03992303845645753
7243,0.03548145350492823
7244,0.0495750574615138
7245,0.06899387695900792
7246,0.04114929650487219
7247,0.10428320685406994
7248,0.061575918731609086
7249,0.09095660439773108
7250,0.13906100378782077
7251,0.10632677646283947
7252,0.06757294903263171
7253,0.12411108784611385
7254,0.1317213778851506
7255,0.12087532003779045
7256,0.20792748442775985
7257,0.1442193662388278
7258,0.18843985143706213
7259,0.20936959078724146
7260,0.14427061962451368
7261,0.1577485807852183
7262,0.22935204575927173
7263,0.1988755392967588
7264,0.20472012006277066
7265,0.22899937504927048
7266,0.25088026207728925
7267,0.49908546250937613
7268,0.023470609130888567
7269,0.06559412926691623
7270,0.07049161739564372
7271,0.034794340158400314
7272,0.03943388002315742
7273,0.07169161841444827
7274,0.06478117355310481
7275,0.08683403794575027
7276,0.09418458777401881
7277,0.06544560528962935
7278,0.185601363542034
7279,0.6583135273801041
7280,0.6246759849237712
7281,0.09771526148330924
7282,0.0884157145574179
7283,0.08200915503961946
7348,0.027009137814167326
7349,0.01655624884090075
7350,0.03689222683287968
7351,0.023974312701730498
7352,0.03294244298717562
7353,0.06734701579994845
7354,0.036036326132425564
7355,0.034235921421791035
7356,0.07113218274935668
7357,0.05344804336277458
7358,0.03794252777915287
7359,0.04619724387610843
7360,0.08433995877158351
7361,0.024872394615550145
7362,0.06455149456880668
7363,0.07194356540836491
7364,0.07212192744902504
7365,0.03870809855757241
7366,0.1096912340869402
7367,0.13178154345182025
7368,0.23759054808362234
7369,0.08378922097793441
7370,0.1509793264001278
7371,0.10054737080017334
7372,0.16918285474305994
7373,0.1830061889815172
7374,0.18349380893180808
7375,0.08581409848045653
7376,0.4123236019387817
7377,0.33472889339914463
7378,0.3853937975744541
7379,0.34206491868538613
7380,0.2472908277190386
7381,0.26190466508716187
7382,0.018202952891154058
7383,0.03527710810522521
7384,0.018177548507558927
7385,0.020499606857042073
7386,0.03647272680722652
7387,0.03697983452611338
7388,0.07652924566852842
7389,0.07032776163447949
7390,0.06452152193999604
7391,0.05559650173931398
7392,0.05108114569965624
7393,0.026610434405114788
7394,0.07663424196614545
7395,0.0564637275484845
7396,0.07111384150624933
7397,0.15299075024814437
7398,0.05933477187514594
7399,0.068672036426235
7400,0.0789923505732719
7401,0.13042177158042065
7402,0.10608133752606763
7403,0.2278386289368571
7404,0.2752666233416378
7405,0.2308907872497173
7406,0.1542822491422004
7407,0.97427837442349
7408,0.3258903147428491
7447,0.024603541878282346
7448,0.01736371550387285
7449,0.02159783298750324
7450,0.032097931218769304
7451,0.047887300401348795
7452,0.0510790412596739
7453,0.036862630447489594
7454,0.037610219280259115
7455,0.03380249739214949
7456,0.05879901602432143
7457,0.04504590860466628
7458,0.040097550253983656
7459,0.10074507937440469
7460,0.07838485941355681
7461,0.12893865949131283
7483,0.022686266373843206
7484,0.049251763242458196
7485,0.013990043602524862
7486,0.02476791947158317
7487,0.017322194980092943
7488,0.03355517368043636
7489,0.03650260339500929
7490,0.04717415255895633
7491,0.0395892361794329
7492,0.03479309422436945
7493,0.03753898875040186
7494,0.03819107648016929
7495,0.07340018454552548
7496,0.07717944557149005
7497,0.036399312062145354
7498,0.039169460359609234
7499,0.06696432999530617
7500,0.07278804696844092
7501,0.06581923143843778
7502,0.7021781799695921
7503,0.18074739874076912
7504,0.7507084429487372
7505,0.7079052862055157
7506,0.6065434671631044
7507,0.22849767704149548
7670,0.014651897784784746
7671,0.020561264497925516
7672,0.02199870277361743
7673,0.015439893071167882
7674,0.024422565735908022
7675,0.052811760519864144
7676,0.02322560281357354
7677,0.034948655395800964
7678,0.022044145533825117
7679,0.032229347708387875
7680,0.037654265502651454
7681,0.03979832622195038
7682,0.032309610351581836
7683,0.05252551378821793
7684,0.0803108793427669
7685,0.104854006389545
7686,0.052686358498692916
7687,0.10796648291573013
7688,0.1969809257127918
7689,0.06925813818738043
7690,0.12144933635278803
7691,0.16897632403348392
7692,0.08557600914122558
7693,0.23669387713986484
7694,0.2594024460840014
7695,0.2204105796471561
7696,0.1590187592217599
7697,0.21088246036826988
7698,0.18135081327948166
7699,0.9811613741734901
7700,0.9795263496100046
7701,0.9787902630193683
7702,0.18766230121506708
7703,0.9882703296506932
7704,0.4504620650742696
7753,0.0415583383347833
7754,0.02853960246270941
7755,0.030140091415628845
7756,0.05750641419268982
7757,0.020606447515793
7758,0.03911324069120551
7759,0.029829188553438923
7760,0.02268486777490161
7761,0.06355385586417411
7762,0.07766181271566615
7763,0.07503369936596972
7764,0.05444378436554653
7765,0.051438100243193584
7766,0.07466176080759747
7767,0.09318008265096994
7768,0.070290842327541
7769,0.039602448195650855
7770,0.17472869281891976
7771,0.6169353437429187
7772,0.0935179509943959
7773,0.08968966588619876
7774,0.12267773918685333
7775,0.17562170308469124
7776,0.1062512462969239
7777,0.17566279387035016
7778,0.15198098182738198
7779,0.3155956294156027
7780,0.7068926306541323
7781,0.9290336189826441
7782,0.8943174577597968
7783,0.053466841080522146
7784,0.0295692560809546
7785,0.029539204540980076
7786,0.03609344694105041
7787,0.053060538729845785
7788,0.014372572460761015
7789,0.04958223588192749
7790,0.06289955576435743
7791,0.058069485187118644
7792,0.05890679492311086
7793,0.1137136320992758
7794,0.5436937108424883
7795,0.08480475137726398
7796,0.9499762438137318
7797,0.15679176070195655
7798,0.054719249335691666
7829,0.02245583008418964
7830,0.0431789825158495
7831,0.024599664883429788
7832,0.03805272941178248
7833,0.017080884789994297
7834,0.02939786141360464
7835,0.05078000185696792
7836,0.04953788375581558
7837,0.05653116072521309
7838,0.021607294117831626
7839,0.03176572150176505
7840,0.03324435858840786
7841,0.031182130176188295
7842,0.027888993752072704
7843,0.06111617748373791
7844,0.05227677434787135
7845,0.05243442763710889
7846,0.06379380550574175
7847,0.036549041835872056
7848,0.04875665942987066
7900,0.014967907448735673
7901,0.013477821838994552
7902,0.013463208325351245
7903,0.016714134403937923
7904,0.01752130317309306
7905,0.027568005280210448
7906,0.016303488338260036
7907,0.014650129872853437
7908,0.05201819841336336
7909,0.05764063053091763
7910,0.032664739067314034
7911,0.03154979880978133
7912,0.044248088810775715
7913,0.04034365284776964
7914,0.05769664515901606
7915,0.07259998793688509
7916,0.060913524160674005
7917,0.1061360937087006
7918,0.12704619120938834
7919,0.007067015963281766
7920,0.009702258768663275
7921,0.0155094789600093
7922,0.008474919128374097
7923,0.020384306986791476
7924,0.017782209253419168
7925,0.019783954093471508
7926,0.020651162413317523
7927,0.01901629129218357
7928,0.019394328780464258
7929,0.023630250891915283
7930,0.023205903770757923
7931,0.03466395427029427
7932,0.024605699621208163
7933,0.04623897291296336
7934,0.027852611912538797
7935,0.06788164699537576
7936,0.07130971224553952
7937,0.053509280302431246
7938,0.06500284506696373
7939,0.059692657935247966
7940,0.035539999151934086
7941,0.05822148072550081
7942,0.11936363553271949
8020,0.05198643249900664
8021,0.06063503852009346
8022,0.06039672874508632
8023,0.040899445183398615
8024,0.059501922651068594
8025,0.1172220001276069
8026,0.052010579117309746
8027,0.08336187306015344
8028,0.04633520270707716
8029,0.07156911152747988
8030,0.09550360805652648
8031,0.07018158967581063
8032,0.1153613730217644
8033,0.06534118512847575
8034,0.0973957792285727
8035,0.16134099160215293
8036,0.11541018459802771
8037,0.08646853638142728
8038,0.16615809441676926
8039,0.3208474971991381
8040,0.23878367455665755
8041,0.015609859945895829
8042,0.01474730475747943
8043,0.034723925265606255
8044,0.0374975271584286
8045,0.020343489858267227
8046,0.038459812282583224
8047,0.08561326726532896
8048,0.04185142040109274
8049,0.03562255586622274
8050,0.04774485069030507
8051,0.059829635239921325
8052,0.05431425023460691
8053,0.11845034297131612
8054,0.06334770948915597
8055,0.15808488713715024
8056,0.06585031564806477
8057,0.0652930786199927
8058,0.15226153970768933
8059,0.09707912182703139
8060,0.06270071834191863
8061,0.19653430004884206
8062,0.15842833869803416
8063,0.12312134795212254
8064,0.9704896411542996
8065,0.7038137888980244
8066,0.16768443153383877
8067,0.32069773068798124
8068,0.3339507453840425
8069,0.21917911706183643
8184,0.021758476045044127
8185,0.02417449040706857
8186,0.03004972802804807
8187,0.04245651783112856
8188,0.043591202568891825
8189,0.08090945755099754
8190,0.07674827173301832
8191,0.08230884413489284
8192,0.05259707520430287
8193,0.0830659089722655
8194,0.04587541106139349
8195,0.05728987994957917
8196,0.0610945405456332
8197,0.06848253241663584
8198,0.04937097047282692
8199,0.12744477261834478
8200,0.12117277218733292
8201,0.042097869722766516
8202,0.07930728099006076
8203,0.11527089579193098
8204,0.6410650289188278
8205,0.17732938662826583
8206,0.08176450114240456
8207,0.15444944145902792
8208,0.2243042626783802
8209,0.333857487621512
8210,0.2657610273270078
8211,0.42149598390624504
8212,0.5853197473591203
8213,0.8411741485308959
8214,0.3825369336197244
8231,0.02937222481059331
8232,0.0263177280387624
8233,0.01900731356619978
8234,0.018484180347572914
8235,0.042474462497548
8236,0.022612750118662137
8237,0.04908392239936782
8238,0.036089907255698765
8239,0.03230963319957016
8240,0.07129277904452565
8241,0.031110175787104247
8242,0.06498239143348046
8243,0.03543567580285676
8244,0.03676248922410917
8245,0.04225227797398617
8246,0.042641123131707405
8247,0.05160900292330401
8248,0.03883613217965722
8249,0.07003944120665431
8250,0.03740490553367867
8251,0.07180328040631137
8252,0.13577593431518759
8253,0.10172394162153979
8254,0.4902520390216584
8255,0.5433316232427878
8256,0.7860267095124729
8257,0.3610068738976322
8258,0.5265096350460621
8259,0.8284606917491555
8260,0.21545742483851676
8535,0.02003359164108309
8536,0.01716357648619261
8537,0.023947842047657677
8538,0.03020076841389474
8539,0.023106312309875796
8540,0.0341805831348342
8541,0.03439578801548014
8542,0.023517383750942086
8543,0.025750668017791287
8544,0.038250999329003874
8545,0.08035889431490262
8546,0.10579717217616416
8547,0.04663671427478776
8548,0.0326288321869144
8549,0.07156987289320223
8550,0.12615333378956897
8551,0.11509659395127862
8552,0.14887919257217053
8553,0.07159015626316448
8554,0.1153691392301703
8555,0.14539931156932584
8556,0.16538774638082776
8557,0.3184334693871621
8558,0.17237912953367518
8559,0.1736716925227441
8560,0.18916642740118614
8561,0.11093935037480637
8562,0.16930334596568558
8563,0.025776656748107876
8564,0.06257263937163192
8565,0.029781568811761725
8566,0.04192201134954517
8567,0.02733170691989375
8568,0.02830488153636498
8569,0.05062284203886534
8570,0.04143479465997914
8571,0.12421851512555694
8572,0.051555282853532766
8573,0.06570922049496465
8574,0.07180951660330154
8575,0.09813393141481536
8576,0.12146027450502062
8577,0.14138470687693708
8578,0.21060084894958364
8579,0.07627963183756653
8580,0.10773891743039352
8581,0.12119059447818199
8582,0.17000463767601623
8583,0.18083906137336564
8584,0.2801935299847965
8585,0.08200025927446367
8909,0.053120601480825494
8910,0.03334992564617157
8911,0.026128844226037153
8912,0.06683169750151734
8913,0.03238950385543701
8914,0.048493749252086056
8915,0.04544761642726905
8916,0.10384290477706892
8917,0.06480930098572636
8918,0.06295691538162679
8919,0.028871046957233172
8920,0.07357594979353947
8921,0.05050760642838401
8922,0.14554484504197954
8923,0.10104140516940686
8924,0.08951493911464843
8925,0.18209013694299914
8926,0.2299624965254962
8927,0.11975247143253374
8928,0.2673548139098257
8929,0.11184908116768807
8930,0.2229125545936907
8931,0.3011823964272525
8932,0.19508733017675
8992,0.019372646419657507
8993,0.016002940896285706
8994,0.013544091803640428
8995,0.05408324953195374
8996,0.023554937131847
8997,0.029417264667038895
8998,0.04479466688823736
8999,0.03458739214271888
9000,0.031310550088231484
9001,0.052724701992014254
9002,0.04706488505492649
9003,0.04573209213103527
9004,0.1061869309993122
9005,0.028627374835218343
9006,0.06854578079096976
9007,0.1406333469136875
9008,0.05676036497095121
9009,0.08763162046943895
9010,0.08820166705151511
9011,0.13529616660465207
9012,0.061460885699357495
9013,0.14726653321351196
9014,0.06085531316553611
9015,0.156899980592748
9016,0.4035089628366059
9017,0.1986783250109786
9018,0.32837437557732513
9019,0.1394380850194774
9020,0.44478266996318405
9021,0.36206281912495786
9022,0.4229152703452254
9023,0.29411668746688396
9024,0.8421970419537192
9025,0.3825097309599683
9026,0.040329840973946485
9027,0.0261395158660089
9028,0.035649727343140404
9029,0.05832031964920902
9030,0.03618142023493402
9031,0.019907977264285448
9032,0.04141063886602449
9033,0.050642091714005966
9034,0.04354654661711629
9035,0.058178965861558365
9036,0.05471073814160515
9037,0.05938661702100592
9038,0.06303806848696424
9039,0.13486436410415306
9040,0.0738499980062261
9041,0.07223561794243118
9042,0.06184623441655499
9043,0.1653478282476904
9044,0.09310872352213023
9045,0.18073781819241494
9046,0.10786912742349737
9047,0.09769946920192786
9048,0.13747303067586836
9049,0.21178171902501314
9050,0.3869873942722937
9051,0.09881452752832705
9052,0.26383162538471155
9053,0.13941695915006166
9054,0.429691931229293
9055,0.973640106958711
9056,0.32292017909278675
9057,0.45292991937769556
9058,0.3789914521148177
9059,0.19496635538048676
9169,0.05629463179737373
9170,0.024095568592688472
9171,0.03684002377781832
9172,0.025967874398272577
9173,0.02069137949387381
9174,0.06071130194822655
9175,0.05686045724450927
9176,0.04687567720972395
9177,0.04194840330912844
9178,0.0389704951624344
9179,0.084692015425089
9180,0.028136859980123104
9181,0.033896673362683184
9182,0.04592290213583325
9183,0.04505993837762825
9184,0.07692793595607683
9185,0.05226726962205805
9186,0.06363700909903736
9187,0.05913890962183174
9188,0.07064302042314569
9189,0.07724561800219121
9190,0.05378710254962307
9191,0.10134289144084023
9192,0.08247087625745564
9193,0.21809586130103845
9194,0.09191499495345795
9195,0.12007247513443069
9196,0.20223989420550878
9197,0.23507758352642352
9198,0.27191417904666865
9199,0.8735306355641188
9200,0.887972411025058
9201,0.8842700827058151
9202,0.5460846065016395
9203,0.32195203311057513
9204,0.8407931834118318
9205,0.019578839653799238
9206,0.01110652651540086
9207,0.020217763737667472
9208,0.05788422938317999
9209,0.020002502205648264
9210,0.03426605060826793
9211,0.020839554079861856
9212,0.028896365676831723
9213,0.032397604288949895
9214,0.0325791265799854
9215,0.09349234515688229
9216,0.061112391712127206
9217,0.08730485799306287
9218,0.0455673130848662
9219,0.0571262415184204
9279,0.04075738917164341
9280,0.046888982269516384
9281,0.036833850057124924
9282,0.040519073619800554
9283,0.04052046256394097
9284,0.05055747280726519
9285,0.0474393024914961
9286,0.060970817733817934
9287,0.12464477409891123
9288,0.06552439883298947
9289,0.06481742317021133
9290,0.1199398753468054
9291,0.03774756234179561
9292,0.06902150324460707
9293,0.07011716792701968
9294,0.11367834036947892
9295,0.07384266929200277
9296,0.11256573969738332
9297,0.13735663649579627
9298,0.09873111598549131
9299,0.2355039711930109
9300,0.14495326812454287
9301,0.6874499179286462
9302,0.15586225379054608
9303,0.16667351103093891
9304,0.854129872691126
9305,0.3674149175973893
9306,0.8481765891796149
9307,0.3510094696204701
9308,0.22273599414334463
9309,0.2851631224553364
9402,0.03272594285229458
9403,0.02766272259972012
9404,0.02954782698793871
9405,0.053054860918149205
9406,0.017040046486058037
9407,0.03478809634986417
9408,0.01694179978185884
9409,0.06353074072504379
9410,0.05858778910895947
9411,0.045049961359058054
9412,0.0775525641589853
9413,0.08039294885023242
9414,0.04042776779430755
9415,0.05813299621987112
9416,0.08981996018771665
9417,0.07379309881390031
9418,0.11243864534979175
9419,0.06605504519473936
9420,0.12002079849560525
9421,0.05267739810576301
9422,0.16247908883134315
9423,0.08140571545398222
9424,0.06940685693374947
9425,0.19721932681972582
9426,0.0981792766233288
9427,0.17335459691280544
9428,0.17042920754196503
9429,0.16589832926767709
9430,0.2647469423933639
9431,0.33217095651734824
9432,0.8287333663705178
9433,0.3172277323113244
9434,0.2829662137685823
9435,0.5681829817278732
9436,0.9104221012660225
9437,0.8290797246822098
9438,0.6585511544272494
9439,0.9090489919854607
9527,0.028298697257102174
9528,0.02406052991694688
9529,0.027065534553803262
9530,0.024203316157217023
9531,0.026852993989363447
9532,0.02821018545672172
9533,0.02886772185144823
9534,0.03501744062082418
9535,0.03999884217343191
9536,0.09168300353818198
9537,0.07725752869575948
9538,0.04677955368436566
9539,0.09526782061448294
9540,0.09065621662527405
9541,0.059329886107071565
9542,0.1569100445314449
9543,0.10397326511943426
9544,0.05049049324019394
9545,0.08054852221826658
9546,0.1415667324943568
9547,0.07376686263739612
9548,0.31669189564764433
9549,0.2241338482610438
9550,0.2361082463424579
9551,0.1904369935594067
9552,0.26016626772981943
9553,0.2743740449648671
9792,0.012785659079042581
9793,0.021537224614088944
9794,0.019572601512204107
9795,0.025095619083113738
9796,0.030237990526016466
9797,0.031918284155307786
9798,0.02533482196432232
9799,0.03211655750569364
9800,0.03406499187255873
9801,0.024525178210034977
9802,0.05358058964397358
9803,0.07806354069156428
9804,0.029460060449714248
9805,0.13473264344975974
9806,0.06126091198107523
9807,0.08720556399778574
9808,0.18807570766883427
9809,0.2596129448638177
9810,0.2675067172738717
9811,0.19643993353260844
9812,0.15984984631328644
9813,0.11989248431755604
9814,0.25956321938579124
9815,0.21970615119972653
9839,0.01358805181098033
9840,0.03327737188855022
9841,0.022709764605832218
9842,0.02431337366866303
9843,0.012406259165558356
9844,0.060675561243109
9845,0.02791694595271164
9846,0.03982161764514354
9847,0.0353183370395911
9848,0.04379060768087009
9849,0.06278215268194051
9850,0.08405168267034323
9851,0.12066317307722853
9852,0.18517754898320535
9853,0.0745305018988321
9854,0.17160238544081122
9855,0.09513197805002227
9856,0.12187976035793664
9857,0.2854580442214515
9858,0.3016473693533995
9859,0.12340256464100394
9860,0.3115795177215466
9861,0.1555111382379291
9862,0.16294969151243402
9863,0.23866822254851308
9864,0.21302368930666127
9865,0.248230677593363
9966,0.030857104442293233
9967,0.03912693409776375
9968,0.02420179808902553
9969,0.02384072963448385
9970,0.037509048203318504
9971,0.024729862278838024
9972,0.04280136030812625
9973,0.0431946213533848
9974,0.07911494934549371
9975,0.08472570958437621
9976,0.05499103312895955
9977,0.028903489583617544
9978,0.07251016493072245
9979,0.10479823499083558
9980,0.05353537152722063
9981,0.09817806877075422
9982,0.16644585343617826
9983,0.05441198636668338
9984,0.34243370703090076
9985,0.12110763466933025
9986,0.18671350216799804
9987,0.21565005844041865
9988,0.16959844431704904
9989,0.2138650267610171
9990,0.19681189836239624
9991,0.1799465756118304
9992,0.31445756421830806
9993,0.8207085349154086
9994,0.541156929833964
9995,0.48274997855869967
9996,0.029081244061350937
9997,0.03435070970042683
9998,0.036318593657717904
9999,0.040106825561934165
10000,0.02336508657332565
10001,0.07236073122925016
10002,0.04891552586483062
10003,0.04438518312687216
10004,0.04918096724313345
10005,0.026207844092810555
10006,0.08109223137681669
10007,0.11418724351349412
10008,0.07324620030346152
10009,0.06885919485230439
10010,0.06000828298297613
10011,0.1407404584063473
10012,0.05724344874861521
10013,0.09347954883447812
10014,0.06418676148570374
10015,0.10496929562043893
10016,0.19068641216068027
10169,0.030735436175233513
10170,0.030330076917681723
10171,0.04174068249055563
10172,0.05216214474553538
10173,0.04612468074520618
10174,0.06143348022579816
10175,0.08278971115429452
10176,0.05112583203464953
10177,0.08918779994034096
10178,0.10563935305999099
10179,0.08421862449551161
10180,0.08253542931869264
10181,0.18394053631479448
10182,0.16652030507016588
10183,0.08134013135334692
10184,0.09684493438424134
10185,0.1522692871309554
10186,0.07838482849591236
10187,0.1383364161384095
10188,0.24292907197930963
10189,0.13453393612667894
10190,0.17855626382734585
10191,0.43151966422974625
10192,0.2558122221753607
10193,0.1704348684320254
10194,0.17744811444533914
10195,0.33763703208510465
10196,0.19437765849519592
10261,0.05316741900752567
10262,0.031225963490054656
10263,0.03970898785079832
10264,0.04752639701624924
10265,0.04240066328108613
10266,0.034095608074842874
10267,0.042413238392391105
10268,0.026867567166496117
10269,0.054347329014771524
10270,0.041929004593606344
10271,0.05554211601952431
10272,0.05179997130145905
10273,0.059834558728612076
10274,0.0579371311859224
10275,0.04858896338131188
10276,0.0715238433661414
10277,0.05593004346487414
10278,0.15306413270698505
10279,0.10304959612136855
10280,0.10321124955235716
10281,0.27339499044309445
10330,0.021233260142502385
10331,0.03086894079764738
10332,0.023979567551750527
10333,0.037662519166432144
10334,0.032524425430940584
10335,0.03324445743856881
10336,0.03414252518556585
10337,0.02990540622260262
10338,0.06188539432117512
10339,0.027987083392279708
10340,0.03446324294463763
10341,0.06059504841109881
10342,0.04810808125304848
10343,0.07532611185256705
10344,0.040646934712571824
10345,0.06208508157083953
10346,0.1131895776523939
10347,0.04495981754348515
10348,0.17895695526902447
10349,0.06413289450420748
10350,0.11663588783300417
10351,0.13716032140356227
10352,0.057500307413820846
10353,0.7241687050361865
10354,0.20425050618767815
10355,0.2987794366834135
10356,0.21298363444285678
10357,0.4339946821603247
10358,0.27791674799439703
10359,0.027811840799738113
10360,0.054977121299158646
10361,0.06612431257544582
10362,0.03327256620991813
10363,0.027533621307000683
10364,0.05442172448195129
10365,0.0486385933031543
10366,0.053789790999125175
10367,0.05881483857702888
10368,0.1324006575773638
10369,0.9435733510502055
10370,0.9516430609219892
10371,0.1524801496503495
10372,0.149179275385015
10373,0.09578801261513832
10453,0.018572730872039818
10454,0.01571510137424038
10455,0.06368928285915966
10456,0.054313045365022905
10457,0.03743317917107697
10458,0.03170469536675227
10459,0.04347089005452439
10460,0.06566065398700724
10461,0.054719383798781385
10462,0.054590123101140184
10463,0.04529863408798733
10464,0.11419356993449739
10465,0.07003672916210826
10466,0.08039641001911751
10467,0.12059460995487102
10468,0.05808368961776046
10469,0.06704769114367794
10470,0.23091073995969438
10535,0.02427587550294925
10536,0.032789662286226186
10537,0.03480934054674869
10538,0.01834101956255137
10539,0.02950341667330716
10540,0.030134578244046646
10541,0.029379368883893246
10542,0.03446954590563029
10543,0.06651967083903526
10544,0.02801273232025754
10545,0.03562624811877831
10546,0.08536016911516998
10547,0.0649815262382071
10548,0.07546099154117149
10549,0.07344300173256203
10550,0.0804970484380853
10551,0.04134096299880525
10552,0.2247128038384031
10553,0.08476849520990266
10554,0.11660580260739029
10555,0.10778905234773789
10556,0.08698540518214869
10557,0.20720939709620645
10558,0.265850635485854
10559,0.29242299691892537
10560,0.20007125304260467
10561,0.3315014324392565
10562,0.43423463466568935
10563,0.4180112411706566
10564,0.3924072760479842
10565,0.48477242421665395
10666,0.023011371435900284
10667,0.028872961334684373
10668,0.027506710553521763
10669,0.019571048914493745
10670,0.017355350300224264
10671,0.037691025369320584
10672,0.018663110917163474
10673,0.04217974183363123
10674,0.0569264686269699
10675,0.04449739401529456
10676,0.059566614687803957
10677,0.03800626894900622
10678,0.03424112494304389
10679,0.07144323151767465
10680,0.05998405209468861
10681,0.0729425706496001
10682,0.041111164952132684
10683,0.20158878256180676
10684,0.1710831441754061
10685,0.17273166904881196
10686,0.1040753727821526
10687,0.09468925669214713
10688,0.20476073817829502
10689,0.12229025028104244
10752,0.024588893018675784
10753,0.0348220962927669
10754,0.016984849922491795
10755,0.041196086091875334
10756,0.018151648609235814
10757,0.03405023642923158
10758,0.024207153542750874
10759,0.036800373359907
10760,0.04461824140840924
10761,0.029589432134611026
10762,0.047229922358044546
10763,0.04634863952264416
10764,0.10526607112930003
10765,0.05919844599954597
10766,0.0743240015237382
10767,0.14076963116239005
10768,0.08273932912423151
10769,0.09023992370320562
10770,0.0734859854019264
10771,0.22372198711357086
10772,0.23967653939156916
10773,0.11810946603979977
10774,0.10316102069349907
10775,0.15716293760485758
10776,0.1408149793645038
10777,0.23403282872713566
10778,0.1344310987411986
10779,0.2293363410106956
10780,0.4277444892871283
10781,0.5347808744737249
10782,0.4375630024214513
10783,0.526551748692422
10784,0.4497121091875933
10785,0.26211061357269233
10786,0.569809417631983
10787,0.2450856108199644
10788,0.5577638630675077
10789,0.6021245994565818
10790,0.43868255100607395
11002,0.04066667990583893
11003,0.02452368910050491
11004,0.024077947017129314
11005,0.03337393932461535
11006,0.02192087806170481
11007,0.02808275318857761
11008,0.035165409633414385
11009,0.04604613593614479
11010,0.03979957903856941
11011,0.02682239369649545
11012,0.0386940236462138
11013,0.03345161956449783
11014,0.03276157189969788
11015,0.037188185076675685
11016,0.03805862520294227
11017,0.0928318899181838
11018,0.03371335778139511
11019,0.06621420561680777
11020,0.124894796559585
11021,0.05375098099033608
11022,0.11318455383847073
11023,0.13547978333404617
11050,0.026631367689189864
11051,0.014280784132714056
11052,0.04130069265077701
11053,0.023241160970037224
11054,0.05031339983205947
11055,0.03507170101779645
11056,0.03608118544798598
11057,0.06586291102559215
11058,0.027260063725988576
11059,0.09073025393545243
11060,0.06018991301074305
11061,0.061624665993493255
11062,0.054881588790289954
11063,0.0706767238527334
11064,0.12739800606248455
11065,0.04835715529428563
11066,0.048007229396384556
11067,0.05621746096386002
11068,0.0464928132701145
11069,0.5149847877230098
11070,0.12929256056298885
11071,0.7906708562568125
11072,0.12860201983264724
11073,0.2514307843920142
11074,0.2215014345422585
11075,0.1364253854092746
11076,0.1854194808052101
11077,0.03749367393352773
11078,0.036545192623315945
11079,0.03537193626964588
11080,0.02660694998218868
11081,0.04193432855496494
11082,0.0605498221763344
11083,0.04866825455274376
11084,0.08792490085085881
11085,0.03987422072503579
11086,0.055580137275779096
11087,0.1670756478555447
11088,0.11835692941667963
11089,0.06286158345690251
11090,0.17301219133458148
11091,0.5854907644123274
11092,0.06182370056317255
11192,0.016547337725884962
11193,0.025530934795084854
11194,0.019090720376510238
11195,0.015712996403064707
11196,0.046727557463053106
11197,0.030513841499007478
11198,0.02720986613427412
11199,0.030926041113781062
11200,0.03940736128784095
11201,0.035699010108912514
11202,0.03779676213872458
11203,0.016715487428243237
11204,0.06006946915001177
11205,0.102648042672781
11206,0.07934647409423357
11207,0.016735910608079274
11208,0.013466583098816732
11209,0.01694063892597983
11210,0.023245259097745892
11211,0.02939092562978458
11212,0.013405154493595712
11213,0.02696632964641596
11214,0.02539525939013297
11215,0.04802322962937452
11216,0.031124637869342015
11217,0.03502389731284096
11218,0.04705415568272356
11219,0.028249118099083217
11220,0.07201135052170418
11221,0.03231468478702391
11222,0.044201528177346856
11223,0.047025643009919155
11224,0.05940858568617531
11225,0.11663153423132809
11226,0.10684713572233662
11227,0.04941798230501308
11228,0.07978383489299913
11229,0.04489784472373554
11230,0.0596231321731378
11231,0.0694366761789018
11232,0.546408155189634
11233,0.7049596918774558
11234,0.12011211541156577
11235,0.7378546855259903
11236,0.2340405417718602
11237,0.8005960914699691
11238,0.2763799776331212
11239,0.20577382045742687
11240,0.208978981836837
11352,0.01931083713600184
11353,0.019310938176873634
11354,0.03879631201898364
11355,0.023621253028571522
11356,0.024033417995870887
11357,0.026596307478130514
11358,0.06140998574727327
11359,0.054892638055261324
11360,0.03808880647552291
11361,0.07192558240132647
11362,0.04735413011255718
11363,0.054641328799302766
11364,0.062336504327294456
11365,0.09959473755162765
11366,0.06772396957114478
11367,0.14994508131501702
11368,0.03917598621639777
11369,0.16188025619103985
11370,0.08177330755704099
11371,0.15752520736743786
11372,0.20869247224218454
11373,0.06906786307327413
11374,0.12307342909103236
11375,0.22648298053193952
11376,0.21891398199201337
11377,0.13112201518294422
11378,0.1925178004969947
11379,0.14569545635881112
11380,0.13889375282552455
11381,0.4729909734122117
11382,0.17038812795005795
11409,0.015305844550081426
11410,0.020593468578113002
11411,0.038747288696136556
11412,0.06175327309812352
11413,0.024050607517860666
11414,0.03757829760686149
11415,0.03547055201895578
11416,0.043106786863776565
11417,0.04434709638940752
11418,0.03388520464848804
11419,0.05918207896458146
11420,0.09912746977001287
11421,0.06310697622514563
11422,0.06996950211619878
11423,0.059638073872411136
11424,0.071024092045816
11425,0.13459611538201008
11426,0.08655648661329284
11427,0.11126087321317306
11428,0.16019370213456935
11429,0.1419747615821295
11430,0.10661130210452086
11431,0.23808253126274403
11432,0.07027095880918426
11675,0.044112352020574445
11676,0.01561796010170818
11677,0.018878596120705814
11678,0.03573122578442863
11679,0.061792125085683026
11680,0.022595911224992764
11681,0.041470837849896754
11682,0.032626157415672444
11683,0.039144922916163956
11684,0.023847688423119844
11685,0.0346279624629145
11686,0.0340346625983226
11687,0.10652162585233745
11688,0.08141386315841352
11689,0.08454746702276435
11690,0.054268962228580145
11881,0.030310175936426566
11882,0.06873314528930242
11883,0.02673101140378544
11884,0.05803038660646672
11885,0.03155243441251712
11886,0.10024759044643075
11887,0.08423229531070488
11888,0.03217501525512577
11889,0.10646349523451014
11890,0.060757312433057424
11891,0.06174680986164936
11892,0.1368390287873585
11893,0.0668214847847489
11894,0.1280003596972258
11895,0.21169829151860706
11896,0.1491516094594779
11897,0.18988124524231653
11898,0.09907314452971747
11899,0.2372367668069592
11900,0.2258941162056566
11901,0.2756961861797418
11902,0.28464457105073687
11903,0.15514170695556015
11904,0.23429346008090904
11905,0.2416203062557376
11906,0.20956837289821784
11936,0.04175508705646073
11937,0.04283933378247321
11938,0.027648651520432686
11939,0.039806418958495356
11940,0.08345358021722832
11941,0.04505162782346503
11942,0.08636945498422129
11943,0.07480070976562748
11944,0.15679611305716096
11945,0.06147345440411935
11946,0.06960512130922289
11947,0.0752564385238134
11948,0.07525447852951957
11949,0.10288136716765517
11950,0.07376921323763595
11951,0.11033038757337577
11952,0.23582820510468527
11953,0.296475963497041
11954,0.973863410211958
11955,0.15171095158375522
11956,0.3080284248285059
11957,0.28187752539162253
12049,0.021048760958427417
12050,0.02131796612610967
12051,0.02803775197217553
12052,0.02382909182976068
12053,0.025569261828706488
12054,0.02026656269042697
12055,0.06775425233003365
12056,0.043340751114969545
12057,0.04256755976626124
12058,0.0439792620819396
12059,0.0730548790443309
12060,0.06674079279312264
12061,0.03439652526555437
12062,0.05218515065591122
12063,0.058174003742008346
12064,0.18099317524938965
12065,0.17669503360098643
12066,0.14013778295859414
12067,0.29715248854118265
12068,0.9711424759342865
12069,0.27123557176895113
12070,0.23562114268286483
12071,0.2469537393584293
12154,0.024887202210780262
12155,0.0305775109479105
12156,0.037558588308057354
12157,0.03005954775542322
12158,0.021308175455074546
12159,0.02241039239165483
12160,0.04189275431514207
12161,0.02921514262177574
12162,0.026643350745291398
12163,0.055882440891515464
12164,0.06306459530214463
12165,0.061780404804103614
12166,0.08148414763822201
12167,0.06030522370362222
12168,0.12763723664522042
12169,0.09119070403294997
12170,0.10064343516900563
12171,0.05924391926109864
12172,0.16762912857172044
12173,0.1358293889595139
12174,0.13389889993261916
12175,0.14319043868233608
12176,0.19055932158086006
12177,0.29976879157145164
12178,0.26050540176269166
12179,0.14929547768090132
12180,0.26792699213307
12181,0.2599238020575316
12182,0.180014749762011
12231,0.012967256803692939
12232,0.01913654587511573
12233,0.0414671142895987
12234,0.05342506152058584
12235,0.038088795369692514
12236,0.023259439109287225
12237,0.045482129502466856
12238,0.028850104058690564
12239,0.028941272733040518
12240,0.03502153100839605
12241,0.07313588646406699
12242,0.04345820071571846
12243,0.03771906828675658
12244,0.06756573611387152
12245,0.022212806135073915
12246,0.04144097838783018
12247,0.04470110450756103
12248,0.0864917218622231
12249,0.24934683257724122
12250,0.12850493602093674
12251,0.09860236441647202
12252,0.0862053453411871
12253,0.10256908880458279
12254,0.11613717444519701
12255,0.11995385427553211
12256,0.30023632406978773
12257,0.12707052668468086
12258,0.27257506928829967
12259,0.37100242709013864
12260,0.34311163806336825
12261,0.22815317159830403
12262,0.9514116275488421
12263,0.45313908331745417
12264,0.45852990353933487
12265,0.4166657130586849
12339,0.03606319762019247
12340,0.04571945092780397
12341,0.023483632296698285
12342,0.044900753709561134
12343,0.02665521807825082
12344,0.024025550623686543
12345,0.02707619949976652
12346,0.06637025300814721
12347,0.05863787209605144
12348,0.04084748698484007
12349,0.05634390681954908
12350,0.048723135944234844
12351,0.10686718429664503
12352,0.0461009366903279
12353,0.09863369165252543
12354,0.0843581583696171
12355,0.1125948561491016
12356,0.06660096246008268
12357,0.089050348917166
12358,0.11614242995580912
12359,0.07763998497606937
12360,0.2675929051458591
12361,0.20869872509114182
12362,0.17658188693809546
12363,0.3167881641421063
12364,0.2071897807916904
12365,0.3646921810095805
12366,0.282309182613685
12367,0.3872481853828481
12368,0.5541926095267221
12369,0.44372103383710293
12370,0.34110998616172017
12371,0.4341643739556569
12372,0.4959620450215151
12407,0.030643216559191968
12408,0.021092470420723528
12409,0.040993850924098366
12410,0.04070442032910547
12411,0.027251577195094613
12412,0.03765903672885246
12413,0.057240649144041644
12414,0.04152085059805431
12415,0.09444071525422024
12416,0.10458942713563338
12417,0.044675484750731624
12418,0.15237341811944582
12419,0.0807958782150759
12420,0.0637144019806911
12421,0.1988957940078912
12422,0.06893280975591848
12423,0.07844278111325304
12424,0.08828668894559213
12425,0.17788498192996183
12426,0.08622739243574609
12427,0.16728767652260088
12428,0.09795875534424539
12429,0.24300116060954216
12430,0.9749362964763291
12431,0.1034431649470157
12432,0.9755895489237674
12433,0.2978333966970836
12434,0.19391335243197338
12452,0.02783125894262322
12453,0.02353401383388478
12454,0.041849683091372
12455,0.02678129703354145
12456,0.03198891743102301
12457,0.03200603431418739
12458,0.09345431083407278
12459,0.06121576856480069
12460,0.04877833363026255
12461,0.08035346039846361
12462,0.047227344986587406
12463,0.03701770813794977
12464,0.12408181822541296
12465,0.06663946190791213
12466,0.06286225142553563
12467,0.1423366693285449
12468,0.12267467266111233
12469,0.09271094373223804
12470,0.13191474015164728
12471,0.259562433974893
12472,0.1386719253765457
12473,0.2107026721626416
12474,0.3463873040364317
12475,0.1305622277305093
12476,0.28606536928782156
12477,0.22772831393308562
12478,0.3190482946774632
12479,0.28248421101656807
12480,0.2311083668515881
12481,0.39401054168764277
12482,0.42218093892835645
12505,0.03150065667751611
12506,0.026525944913362406
12507,0.03584305457091096
12508,0.047261333605261
12509,0.04250804671092289
12510,0.03519181727827922
12511,0.06844998269942906
12512,0.04354836478663947
12513,0.05839824160504319
12514,0.0624417771379611
12515,0.1023028676117758
12516,0.07254941267885918
12517,0.08028349063594362
12518,0.05002415866052843
12519,0.18946232067911195
12520,0.12411867499163487
12521,0.28159957622364895
12522,0.15241707484062467
12523,0.9689780961991373
12524,0.14779068724646086
12660,0.024021416779738857
12661,0.013672035251758818
12662,0.012694051489783243
12663,0.0426557309635944
12664,0.03597725375183256
12665,0.03281616846013915
12666,0.0361705838216197
12667,0.05793631470272896
12668,0.04478155950059796
12669,0.046426000756097825
12670,0.08788946936238254
12671,0.042312423236561536
12672,0.09008198015530529
12673,0.09707393444250806
12674,0.08484538049940767
12675,0.13997886122290282
12676,0.2104390276175647
12677,0.11071673376118527
12738,0.028344624405357136
12739,0.015731022292675128
12740,0.03562592409111911
12741,0.011150733999522164
12742,0.054235817832037264
12743,0.04920111053888239
12744,0.048925077594981346
12745,0.03447515808370777
12746,0.03451666420401693
12747,0.06661108424602916
12748,0.07986861493369347
12749,0.08032523261611242
12750,0.043161307005495704
12751,0.11709909151909305
12752,0.5480055328481395
12753,0.9209164557205806
12754,0.05858561282284035
12850,0.02177174455795546
12851,0.030371501101420763
12852,0.020773588225439916
12853,0.06902761300232399
12854,0.029599574297501558
12855,0.025620049877939016
12856,0.06765985120428648
12857,0.03147801717323502
12858,0.03994157311355322
12859,0.06614686647756388
12860,0.02815072558641076
12861,0.03274350589283058
12862,0.0706029506047399
12863,0.06184077448281177
12864,0.060107862209461974
12865,0.13810903535485963
12866,0.06894381239472216
13110,0.01794294758820436
13111,0.04449529368701799
13112,0.031622756612706
13113,0.03321414578016044
13114,0.029448589633405808
13115,0.048399337140709306
13116,0.017471384359310515
13117,0.04909888005716397
13118,0.03320118656895735
13119,0.04058639061944744
13120,0.03998569977638718
13121,0.05771712807214802
13122,0.0330441740521969
13123,0.04017264057305093
13124,0.06064835207553957
13125,0.03736187211351429
13126,0.10600012155467818
13127,0.12716528975916372
13128,0.02725648668570992
13129,0.056863186633253356
13130,0.055459648541084615
13131,0.09485280262555996
13132,0.15541492872689738
13133,0.06930112949067468
13134,0.1859807762671307
13135,0.10142175257302576
13136,0.6833097268788891
13137,0.17481080127369258
13138,0.01081318208540994
13139,0.018400908447677077
13140,0.020173118486937643
13141,0.05079074548182473
13142,0.023978569182060577
13143,0.031932078271499166
13144,0.05584527871553609
13145,0.03331303682415988
13146,0.027134925089137996
13147,0.027534433869444392
13148,0.06788358936900715
13149,0.0427080952384458
13150,0.04199321556511373
13151,0.05120798202258828
13152,0.04522110325147196
13153,0.0927701834599502
13154,0.06627389805380762
13155,0.04048330129687411
13156,0.0769485657835782
13157,0.0859649020587546
13158,0.04617736878029257
13159,0.04561270133313913
13160,0.05564198939173269
13161,0.06790640584969602
13162,0.09305954440778805
13163,0.1406254110806546
13164,0.10851639270428677
13165,0.07938464264392332
13166,0.23429238550522588
13167,0.14317381031825233
13168,0.10631863002647947
13169,0.19859221310487246
13170,0.16859104131225952
13171,0.25567019468668134
13172,0.24746196898343095
13173,0.2744192464921005
13174,0.26985162657088224
13175,0.15467818460390784
13176,0.3506387799473111
13177,0.2568780570850583
13178,0.3602120274812336
13179,0.04026375591763096
13180,0.03742083754180522
13181,0.0678452481150621
13182,0.024861223510824693
13183,0.03053776314112084
13184,0.044174503335156046
13185,0.036983275134939965
13186,0.09519996870997317
13187,0.05694825107730232
13188,0.03643829979260379
13189,0.046061092342247846
13190,0.042311156318597734
13191,0.038739616875911154
13192,0.12733051881223037
13193,0.0651036122090317
13194,0.10288888731254071
13195,0.06328749613230451
13196,0.08708372815591744
13197,0.0897411983090394
13198,0.6677559646000872
13199,0.2757294094900631
13200,0.13132404723999658
13201,0.860027952343361
13202,0.8612786574486028
13203,0.37432204096412214
13204,0.45976441659966316
13205,0.8957760997630724
13206,0.4255257445197269
13262,0.014769586373013111
13263,0.019512191960050638
13264,0.02441690672697328
13265,0.01530217515843932
13266,0.01936774057383247
13267,0.03417496549517153
13268,0.027922116823416422
13269,0.019588156725927112
13270,0.027345979926777085
13271,0.02437248691474571
13272,0.023232964124478735
13273,0.01843093379709209
13274,0.02707213661628833
13275,0.047894250266147825
13276,0.04220462067776503
13277,0.027647629212777233
13278,0.045063893463943586
13279,0.03133734852185561
13280,0.0679127123975814
13281,0.1024048009519814
13282,0.05067013587207433
13283,0.16322466142996567
13284,0.08209225304639864
13285,0.2013584471635363
13286,0.12358475869081094
13287,0.1089468853615478
13288,0.1456127339392462
13289,0.8286378624140127
13290,0.32049762705311435
13291,0.7983895231234687
13292,0.4446764990039904
13293,0.16078543864323785
13522,0.033154291443147355
13523,0.016504664698849404
13524,0.016141559069055685
13525,0.019459026598851268
13526,0.02604228876044233
13527,0.03040039420464028
13528,0.027717424082747966
13529,0.04425325535828333
13530,0.04516390587993136
13531,0.057617456945856876
13532,0.0356969693522123
13533,0.043298391424114506
13534,0.0952352947482841
13535,0.09100243289525581
13536,0.11475791007417337
13561,0.07809149943714488
13562,0.07575013740909772
13563,0.0314232032566667
13564,0.04059329700182811
13565,0.033512382735039245
13566,0.033193565387843425
13567,0.05092312152194052
13568,0.04166889061293756
13569,0.028616266879624885
13570,0.04950755800703742
13571,0.08429935555537518
13572,0.056878913521007136
13573,0.04669849634180181
13574,0.08529257143554997
13575,0.09232365072191309
13656,0.02714092634449372
13657,0.012805780583570082
13658,0.029462444410660392
13659,0.019307728768091573
13660,0.029313838524260383
13661,0.033901689025361184
13662,0.020799766368940428
13663,0.051196328902083664
13664,0.07615864197989701
13665,0.03745066991756657
13666,0.04341454417451425
13667,0.035139421231875724
13668,0.084423688931971
13669,0.027471583402489095
13670,0.10063917239035257
13671,0.061160238674559386
13672,0.07519159508930612
13673,0.07337074250052456
13674,0.051443244570701846
13675,0.05761196419796894
13676,0.01107058371811161
13677,0.028656266133597716
13678,0.009172816097441954
13679,0.0242941811503342
13680,0.0166045061158989
13681,0.028216464586143564
13682,0.023492332024748055
13683,0.022919426934115476
13684,0.021650558573516172
13685,0.01837085597518478
13686,0.021099478087830508
13687,0.02502146581771199
13688,0.014883942101894998
13689,0.025271580627209092
13690,0.01984646673095051
13691,0.025632372163595485
13692,0.05964540003398556
13693,0.050787460885424816
13694,0.06871917570933038
13695,0.04985160481536884
13696,0.04856354683828994
13697,0.12346194524716944
13698,0.05627210127941396
13699,0.0720694457713878
13700,0.07606430725040603
13701,0.07655390804169859
13702,0.20526073697110997
13703,0.08075872164265646
13704,0.10646579451358133
13905,0.02860093845640677
13906,0.056740005168851124
13907,0.08211150901608075
13908,0.10024323486538031
13909,0.08413165256475812
13910,0.09620647066309648
13911,0.09419332377024622
13912,0.03696978281404805
13913,0.0466704192375042
13914,0.048526500267077215
13915,0.03722821184461513
13916,0.06621472382368865
13917,0.08875894114190261
13918,0.089082233556517
13919,0.14374228421210142
13920,0.08578138126809476
13921,0.18682822996508042
13922,0.12377846191579599
13923,0.17253636389499152
13924,0.6099038800593823
13925,0.12933249330047444
13926,0.1910927807955168
13927,0.3875934947839915
13928,0.8882803733358847
13929,0.23461020851098666
13930,0.7937581072516577
13931,0.6096650923381146
13932,0.2529670036015932
13933,0.02938832550654482
13934,0.04330253962890649
13935,0.052857615625396245
13936,0.07459906332373024
13937,0.023684680772845888
13938,0.03185024304881469
13939,0.049673858691763925
13940,0.051564125514958224
13941,0.07425283881954488
13942,0.050951992150564195
13943,0.0838006959590695
13944,0.09648337317338268
13945,0.0676449676985232
13946,0.07841637600112447
13947,0.07891497842668983
13948,0.17495500192102917
13949,0.0963135167943208
14139,0.03683698833566153
14140,0.029744956147825217
14141,0.03236258938528165
14142,0.029909037412311747
14143,0.05828964924810179
14144,0.034513961442941055
14145,0.027021366761382434
14146,0.040301921166294406
14147,0.056583503165892564
14148,0.03865446775661604
14149,0.052796162709340615
14150,0.08950942819558047
14151,0.09822935963180805
14152,0.11343436889252285
14153,0.058112756130714975
14154,0.14698389824805674
14155,0.05678445639776408
14156,0.05182201261120821
14157,0.11555851943876587
14158,0.09113252097594848
14159,0.15101983058719542
14160,0.17282296235475816
14161,0.17662998217080328
14162,0.2368128842470132
14163,0.11736654473141013
14164,0.3026085017631146
14165,0.11421715269521318
14214,0.010423742188116336
14215,0.01537357175966983
14216,0.05954448945814743
14217,0.018408491014438862
14218,0.020937128050383606
14219,0.05434943991835877
14220,0.016689156400770105
14221,0.02949329258211751
14222,0.03386789227083387
14223,0.01616523379353621
14224,0.06491112802169291
14225,0.08113673761137372
14226,0.14689876036165908
14227,0.08408231197450156
14228,0.030008304413789856
14229,0.09115215629592857
14230,0.053827171192582964
14231,0.077022124797895
14232,0.11466672786678417
14233,0.15555095421106568
14234,0.07336036138622822
14235,0.09216653622181398
14236,0.27784745254287535
14237,0.13974132335015318
14238,0.12745071212220457
14239,0.22324196164701968
14240,0.33978470202460376
14241,0.28788446313783095
14242,0.23855610516621753
14243,0.2582297664726051
14244,0.31406501198973585
14245,0.2222312272229302
14397,0.015044727188828938
14398,0.03686027668413957
14399,0.04070181905421715
14400,0.02311546892726762
14401,0.04480222183938513
14402,0.05549188674154016
14403,0.028321221730452206
14404,0.08651032042656043
14405,0.059100438521263454
14406,0.08369344137501737
14407,0.05437055421518056
14408,0.07549563462982424
14409,0.06861407483408452
14410,0.043760276634646295
14411,0.056413571126826254
14681,0.03173511864538622
14682,0.03352076106351314
14683,0.017871316651150687
14684,0.020515802520529224
14685,0.030891947823787402
14686,0.011900047359261466
14687,0.024247986167230104
14688,0.02450831025015927
14689,0.024596459353889145
14690,0.018215829801810392
14691,0.05270292293887615
14692,0.031016531556013242
14693,0.03647272060901012
14694,0.04843287170148586
14695,0.03888513492167018
14696,0.02971495025628761
14697,0.13075204037244967
14698,0.035667014711141184
14699,0.06954530075789264
14700,0.06171819510694837
14701,0.07795490575420669
14702,0.13691155007774364
14703,0.1706235892635406
14704,0.09991638417869095
14705,0.24053002824059158
14706,0.20267342598085736
14707,0.05382616954359388
14708,0.12752254137153335
14709,0.26147237332684764
14710,0.3911300662199997
14711,0.22901333812981575
14712,0.21760216970045193
14713,0.30870581243205736
14714,0.38044420706792015
14715,0.2574771874027168
14716,0.24918173032148397
14717,0.33939764549821116
14793,0.012525883738582946
14794,0.026281873634738512
14795,0.009918253071795939
14796,0.018009516360601035
14797,0.015594654692072229
14798,0.021147396749712166
14799,0.01741038852358774
14800,0.041013458099049785
14801,0.054723809721028624
14802,0.026508902851164463
14803,0.028269545145907276
14804,0.05532856880299173
14805,0.030759418564513846
14806,0.036119028311865274
14807,0.07854564586237092
14808,0.0537428628184503
14809,0.05304534924626381
14810,0.18507723454559769
14811,0.06865643902438995
14812,0.08783247093921734
14813,0.08823235505905405
14814,0.20013044947763287
14815,0.08729760587993016
14816,0.1667517483312599
14817,0.11289169840199405
14818,0.17152307113825158
14819,0.1446841448097896
14820,0.09837248184477367
14821,0.030106473643944177
14822,0.038733536902236305
14823,0.055303600646524224
14824,0.027262353485343865
14825,0.02928180729081896
14826,0.029918469477317224
14827,0.05250250439757384
14828,0.04053972483347097
14829,0.031230882829532586
14830,0.052577638024149796
14831,0.033584339241440594
14832,0.05055496451516729
14833,0.048413645659483674
14834,0.07582411895656996
14835,0.05109310024014565
14836,0.04466423162888268
14837,0.10736123288062795
14838,0.05541476454410685
14839,0.09249306226162608
14840,0.11140885923104758
14841,0.08654124510431974
14842,0.05592863276604834
14843,0.09005172611344446
14844,0.10051610617972963
15024,0.019086513550280224
15025,0.022143752599854325
15026,0.043274248298859584
15027,0.030118000524476413
15028,0.05102127769248271
15029,0.034610838973497926
15030,0.05966691922213254
15031,0.04014628720356284
15032,0.02876749500781785
15033,0.06404521229097607
15034,0.0296628760544932
15035,0.02058829304423904
15036,0.11394876261419708
15037,0.03210054237121844
15038,0.0462072106947354
15039,0.1268193561810089
15040,0.04627469031074793
15041,0.149623911938271
15042,0.18971991725844078
15043,0.10123646672440027
15044,0.07594394207436651
15178,0.02066815034197504
15179,0.012910456700837476
15180,0.031269343972610525
15181,0.041224248789884226
15182,0.03523552252761852
15183,0.02748155024029766
15184,0.04235671197014643
15185,0.02067639002305381
15186,0.024541197913659402
15187,0.032525724484610816
15188,0.04986813265238917
15189,0.036154686929281324
15190,0.05329324997011485
15191,0.04753342848532073
15192,0.1391888940328096
15193,0.08858159815470808
15194,0.06937522315698781
15195,0.10943728533778536
15196,0.1922129291219062
15197,0.08386576062566643
15313,0.024450557251560617
15314,0.02598915050079823
15315,0.028177336816068363
15316,0.055976023186196405
15317,0.052523067688218704
15318,0.03617995410407024
15319,0.03589905330980748
15320,0.07638675302961995
15321,0.03409438512879897
15322,0.05260338679036262
15323,0.041200117173712116
15324,0.04059337438821388
15325,0.060466081476431094
15326,0.06425018506840666
15327,0.06497951538014175
15382,0.026939580940295967
15383,0.021581214881491624
15384,0.020998145259153087
15385,0.03753716858291867
15386,0.0595331330696124
15387,0.018920141274470875
15388,0.022851509272057133
15389,0.0423267467761163
15390,0.01660652543979062
15391,0.046611102713395455
15392,0.03641365331213137
15393,0.03339044069398582
15394,0.0588147370342398
15395,0.05990769374077799
15396,0.0922507757231592
15397,0.2963705097506166
15398,0.10297015329059243
15399,0.14041421693113249
15400,0.20419638868028922
15401,0.961214562632849
15402,0.22705629728176924
15403,0.23538824644315207
15404,0.14133173465531235
15454,0.012016304626962218
15455,0.040775042943000675
15456,0.020121826952368447
15457,0.019803706748952966
15458,0.04296143297036389
15459,0.02184305436502866
15460,0.038859489036850714
15461,0.09855137116291836
15462,0.06113868130054317
15463,0.023737707632641613
15464,0.04015003338396788
15465,0.08418430023215835
15466,0.039014002987616585
15467,0.05855175684337283
15468,0.05051145660763026
15469,0.05819547338272477
15470,0.03716655878318741
15471,0.08549999923498829
15472,0.03761812336631718
15473,0.04623976432171998
15474,0.07576700972596861
15475,0.06893927392122941
15476,0.5158107732827254
15477,0.22531775158909273
15478,0.15094010058339183
15479,0.3128683432454979
15480,0.19757837782919363
15481,0.12541206045169134
15482,0.11128745540682324
15522,0.02314420910846862
15523,0.025472067526113785
15524,0.05544837337219841
15525,0.027698531259712125
15526,0.03526045954227528
15527,0.023317826923827716
15528,0.025978127143298436
15529,0.04971449016685817
15530,0.042445458089483044
15531,0.11591492370243624
15532,0.08774818194968115
15533,0.061201054940214814
15534,0.06212080137127783
15535,0.061992139625861885
15536,0.0987516660404874
15537,0.12994042864142075
15538,0.052337808413657115
15539,0.10108197835274846
15540,0.07016558666404184
15741,0.014849778860119978
15742,0.016228378650676962
15743,0.03518018410038565
15744,0.021576597314419042
15745,0.026377597834307317
15746,0.0219788150361646
15747,0.016995048878788926
15748,0.03026408091422077
15749,0.03518027680212011
15750,0.009073695213658226
15751,0.03819298131804767
15752,0.03206900029401071
15753,0.040686291895941404
15754,0.042642101558621026
15755,0.10091503233934813
15756,0.09375310238973371
15757,0.12745512106653667
15758,0.06057171880575607
15759,0.117400769372828
15760,0.15917300815788724
15761,0.14789815654574728
15762,0.09330685154821115
15763,0.18395719812206623
15764,0.15293063518403816
15765,0.2802160925061297
15766,0.7443975498986312
15767,0.2688009714012535
15768,0.22397027228058458
16027,0.01521956596128706
16028,0.017517304681256743
16029,0.03225687399054793
16030,0.0191663026416579
16031,0.04629367358600326
16032,0.02266559168147642
16033,0.02213286007055957
16034,0.06132976827522009
16035,0.026874766888437523
16036,0.03194132590155043
16037,0.027047008877733526
16038,0.042779630041498796
16039,0.04729212512968548
16040,0.08967510353702819
16041,0.0384441007387668
16042,0.10704734913534854
16043,0.03394286212535141
16044,0.06180217977983292
16045,0.10028167661139942
16046,0.09868684231436152
16047,0.0825856597520262
16048,0.1521368237158856
16049,0.16058648654185037
16050,0.14620723192795923
16051,0.4627554268973917
16052,0.9726827652052962
16053,0.2868966758766395
16054,0.20421098984445055
16055,0.9698525565450251
16056,0.11114526976154723
16147,0.062391743446115144
16148,0.02205460732380014
16149,0.06078066164868127
16150,0.05858679336603747
16151,0.05322117056410271
16152,0.056349979300753306
16153,0.04015722551698637
16154,0.04000318755823686
16155,0.07994889142100042
16156,0.04673079192446826
16157,0.05239949637006532
16158,0.09921813148133828
16159,0.09262070784057644
16160,0.1381474897619782
16161,0.06230635293655139
16162,0.10237816042326786
16260,0.023785935567796346
16261,0.027402160367061185
16262,0.03208192922118407
16263,0.05482817669513604
16264,0.07247720211193348
16265,0.03434651685364496
16266,0.07324444746487155
16267,0.033489735808660874
16268,0.043381997125914465
16269,0.09062683423705424
16270,0.06265906434891419
16271,0.055649619756740654
16272,0.045780729215837423
16273,0.062560424165604
16274,0.09562412509683073
16275,0.06430119751404549
16276,0.12856259220358926
16277,0.17411256966880442
16278,0.18082754450866914
16279,0.13071844227664148
16280,0.513411934843956
16281,0.13763070252166273
16282,0.1991558166843498
16283,0.22308458684133908
16316,0.026636073257658793
16317,0.027726148515611265
16318,0.01637501333066245
16319,0.02905425108356648
16320,0.02768350283369832
16321,0.023824517977073745
16322,0.036944908698428064
16323,0.025288034660831515
16324,0.042778308248304836
16325,0.03983266781760981
16326,0.052772635057739437
16327,0.06420877283332584
16328,0.029460219874963334
16329,0.058935184809971265
16330,0.06570465882039817
16331,0.027187307454139872
16332,0.025998583083466132
16333,0.042069183232127515
16334,0.028472615435922503
16335,0.03386539012253538
16336,0.0401876570700235
16337,0.12632159404243562
16338,0.05314394204595753
16339,0.06105769927499642
16340,0.07348565359280528
16341,0.07477332196060948
16342,0.055325264921321095
16343,0.15047924066368132
16344,0.08780674606387201
16345,0.14954358656693484
16346,0.1718537928732783
16347,0.19459424098262038
16348,0.20337964982384277
16349,0.08950418345766616
16350,0.15174357913539382
16351,0.16266715693053443
16352,0.18270287845990568
16353,0.215174376779429
16354,0.13500372073854597
16355,0.45972023523479644
16356,0.2516590462560793
16357,0.521717605101269
16358,0.9883262459079433
16359,0.5104899761867513
16360,0.8996096566971158
16361,0.42937110587448796
16435,0.034949802883584756
16436,0.04194028012347115
16437,0.047051395230754536
16438,0.04042768370119558
16439,0.027710856265333973
16440,0.02684665357439962
16441,0.024549985850176117
16442,0.02938332071002915
16443,0.04765800335205971
16444,0.0389267866113754
16445,0.043707196476311855
16446,0.052645089437040854
16447,0.03861956695802857
16448,0.02578867576868733
16449,0.10346409710999925
16450,0.07526909010250278
16451,0.07097133718019344
16452,0.0945877222346713
16453,0.052623449655727544
16454,0.05605167361012495
16455,0.048857307712130774
16456,0.10202341640595666
16457,0.13568584674092496
16667,0.03065760600431446
16668,0.03383536374775996
16669,0.035115465574065176
16670,0.03658580917438428
16671,0.07629106014616693
16672,0.051156608406488856
16673,0.053842993686024326
16674,0.09205677801175416
16675,0.04152466444813154
16676,0.08225630964916907
16677,0.03398955457197092
16678,0.06220305370578463
16679,0.05722417894674853
16680,0.09711915875699302
16681,0.11728848817064298
16682,0.08348108720832424
16683,0.07625855078711787
16684,0.1438208656160737
16685,0.09842342073349636
16686,0.07420217237008692
16687,0.07751065359615235
16688,0.04600600463387163
16689,0.086059990913811
16690,0.10203021766104851
16691,0.14887322412797704
16692,0.21147180923410214
16693,0.14527950159174652
16694,0.38453523228007486
16695,0.6089183848905285
16696,0.2826980955174188
16697,0.2383789483030149
16698,0.38546182520780986
16699,0.3588214948961786
16793,0.04083414555981047
16794,0.05168671205066443
16795,0.026447658315678163
16796,0.09344999087905204
16797,0.05639728509082899
16798,0.03046341845028575
16799,0.03367883936516372
16800,0.04684652496066902
16801,0.05197256166719844
16802,0.04133392876681222
16803,0.09031561740789185
16804,0.05503721644685178
16805,0.09397914041084263
16806,0.1404430971566554
16807,0.06835744822463631
16808,0.06454487157723425
16809,0.15577822295527607
16810,0.12277709323485261
16811,0.09694583297341107
16812,0.2380839528080704
16813,0.10585281833665965
16814,0.20879228504635483
16815,0.11553631974691343
16816,0.421766181461244
16817,0.2748709472472062
16818,0.263987054584419
16819,0.306807702265562
16820,0.9246153047071312
16821,0.8799746249252453
16822,0.009602597648014213
16823,0.014976384397023085
16824,0.023954032655725002
16825,0.027153176456585867
16826,0.014085102281357734
16827,0.03942648867778958
16828,0.015619904208346231
16829,0.02307665909343043
16830,0.026664999346809472
16831,0.06316417802308369
16832,0.0489992897810596
16833,0.03664201663969925
16834,0.0589107440082914
16835,0.027420382382458294
16836,0.06005759052195399
16837,0.03198281507023354
16838,0.03092166224348655
16839,0.11982327229265542
16840,0.05572512255065242
16841,0.038756330522812535
16842,0.055214651632692305
16843,0.03776371720786561
16844,0.03691686963299495
16845,0.026730056725068885
16846,0.06536026090919014
16847,0.07938307931871989
16848,0.06935227155274798
16849,0.057199806706053166
16850,0.12310833531862761
16851,0.06902212550800632
16852,0.06962150022587317
16853,0.06627404591198839
16854,0.13520294068610658
16855,0.19226072562238855
16856,0.13570928974693208
16857,0.11854302470376865
16858,0.37534388589659246
16859,0.350199323625853
16860,0.9738089148551934
16861,0.22131733080437888
16862,0.2701152424934097
16863,0.1773534667467128
16864,0.9766880875808449
16865,0.13623150761112396
17088,0.011635035819327962
17089,0.024165374498422123
17090,0.03695534796900143
17091,0.05216787560716691
17092,0.04901848793050505
17093,0.07844725033729007
17094,0.03886690472632201
17095,0.053082539318450826
17096,0.06435026821458482
17097,0.08932845530047648
17098,0.03371331791532419
17099,0.13171034808041468
17100,0.11025529876719951
17101,0.1541892739497128
17102,0.12327265838911634
17103,0.11890361785126535
17104,0.06851632616454961
17105,0.1410341868103136
17106,0.17890532521424737
17107,0.21794271451648667
17108,0.04356149060120602
17109,0.008580424367153668
17110,0.013574887777927602
17111,0.011474478579277721
17112,0.03886379396358963
17113,0.013143073951372644
17114,0.014618935755776493
17115,0.021168887741267788
17116,0.016244504873968127
17117,0.053605945016929
17118,0.05183577169651018
17119,0.04299907773470744
17120,0.0348655448155554
17121,0.03066691474810183
17122,0.07202251589203326
17123,0.07267185522137837
17124,0.07673477805523087
17125,0.04190967260553785
17126,0.07072517107842448
17127,0.12212213215386843
17128,0.03082842434055349
17129,0.11519419135213434
17130,0.17541876547332044
17131,0.09217451554581206
17132,0.2262582369901688
17133,0.9725277359034282
17134,0.2032443098783058
17317,0.033132233509232265
17318,0.014831476690377217
17319,0.03754191599674108
17320,0.022727347958483062
17321,0.048420899411248226
17322,0.03175799653392901
17323,0.06596267092912368
17324,0.020632969710172547
17325,0.04352456736106013
17326,0.02673947924100858
17327,0.06030698551794804
17328,0.026162053844553747
17329,0.027159854881350323
17330,0.07013707313893387
17331,0.040797101915265845
17332,0.08453519300944203
17333,0.08531938612024602
17334,0.11839030985495312
17335,0.040826220151009784
17336,0.06622533241083374
17337,0.10230569781595428
17338,0.12643296780570737
17339,0.13240406661745766
17340,0.5723167665516234
17341,0.08444501738462919
17342,0.6829490545815792
17343,0.32726750355302514
17344,0.7938804022607167
17345,0.2506426353085298
17346,0.26420120134653086
17347,0.29150643807863946
17375,0.03984842646736481
17376,0.035052241903432355
17377,0.02335560848811009
17378,0.05209067936739347
17379,0.029622818452272916
17380,0.07913667218762638
17381,0.03222010834947084
17382,0.03219836130830109
17383,0.05112734862713049
17384,0.032077899996867394
17385,0.03323691435972965
17386,0.037497734805014886
17387,0.08118159656727673
17388,0.06077954636089086
17389,0.031145944640096592
17390,0.05914590517508299
17391,0.05991307459250612
17392,0.0548059141049397
17393,0.0832666078843667
17394,0.1261798720672961
17395,0.08835448737313809
17396,0.08004267133697761
17397,0.09404746926977633
17398,0.10543532900706751
17399,0.10218361072370835
17400,0.20685578744560648
17401,0.23261330725374718
17402,0.1350204368638644
17403,0.2648252933416722
17404,0.2856602815209847
17405,0.7789437699579348
17406,0.8949041448115124
17407,0.4496881262870772
17408,0.8815921371505362
17409,0.46946662171102305
17410,0.9590401706942185
17411,0.6620233476878498
17412,0.022497891256066712
17413,0.04260572898278742
17414,0.013927329882138064
17415,0.04119674274173019
17416,0.041250012573850185
17417,0.032949997398369776
17418,0.04095027036439521
17419,0.05186816569855081
17420,0.05167944500527921
17421,0.1395355154300131
17422,0.060534586584468086
17423,0.08264344299818818
17424,0.07659981860876036
17425,0.18648001749571355
17426,0.1106690707931553
17427,0.09327579489919663
17428,0.06374923985114468
17429,0.2881635265812048
17430,0.1649895444895419
17431,0.22334888729130298
17432,0.14145137359701798
17433,0.32904046404850645
17434,0.31967915571081973
17435,0.3089338131018055
17436,0.4789392818404362
17437,0.8580834823834674
17438,0.5785840192385452
17439,0.4012963688198185
17440,0.35067586185753596
17477,0.02802320784470646
17478,0.03427447777070519
17479,0.02764813803572936
17480,0.05025793267232448
17481,0.03250688382414357
17482,0.05608397679667275
17483,0.03783382995146131
17484,0.0396625334539051
17485,0.04715457244585335
17486,0.04853535258792199
17487,0.05649194771042456
17488,0.11020242363735087
17489,0.04129673395809688
17490,0.12200148615273715
17491,0.06424102547791362
17492,0.15993493031832182
17493,0.14890917366613762
17494,0.10447797879616982
17495,0.15140964063175005
17496,0.20916254509999874
17497,0.15403864563662845
17498,0.1895132380945565
17499,0.24911707784151443
17500,0.2936349251273186
17501,0.3294629210407824
17502,0.15302222744529909
17503,0.4543975069564493
17504,0.29785208135797064
17505,0.4074935559043502
17506,0.389940759046335
17507,0.2489571440547785
17508,0.27831704221912124
17509,0.3614093389635106
17510,0.3498178652435802
17511,0.37921163242456235
17512,0.4210628187048596
17513,0.6737487784203899
17514,0.4162665307438403
17515,0.41796045379936897
17516,0.6329328471174994
17517,0.5217911223362637
17518,0.6188705763650778
17519,0.020917309578181047
17520,0.010461163877386947
17521,0.013776983489690245
17522,0.020561944445521202
17523,0.045138827731067706
17524,0.01825717287142017
17525,0.03703406202843479
17526,0.04091526560925389
17527,0.04790054100071098
17528,0.02950055254572603
17529,0.023772860668553088
17530,0.05707285659977445
17531,0.035312295900281176
17532,0.03319553500985529
17533,0.05445696825497449
17534,0.03884164479887616
17535,0.0341886570769841
17536,0.039641327386678124
17537,0.041844511238933506
17538,0.046231138410761534
17539,0.43156491408128667
17540,0.08862862063959377
17541,0.42409292441764534
17542,0.11581799388201956
17543,0.06849827720454471
17544,0.06273036203202467
17545,0.01516141614254916
17546,0.0292540353439234
17547,0.05684541532462703
17548,0.031481936812245696
17549,0.04459782253504178
17550,0.09633880899748568
17551,0.05759939883016727
17552,0.02701162525272869
17553,0.044078745676152394
17554,0.07337328138139058
17555,0.10166182957094708
17556,0.03873163069255227
17557,0.05073938866765077
17558,0.10088193319183796
17559,0.1285768402774781
17560,0.1558981956765919
17561,0.0843464133780585
17562,0.06285459011447679
17563,0.19528389623997774
17564,0.06401683014435533
17565,0.0990573939002832
17566,0.08853906972303441
17567,0.12442405113971863
17568,0.14672676892911662
17569,0.23529263977535303
17570,0.9697210842008317
17571,0.38347264324684893
17572,0.3612000399331865
17573,0.4164485923637894
17574,0.21686583430605583
17575,0.012141398418977227
17576,0.01899712706396765
17577,0.031468427307028826
17578,0.02072380028944298
17579,0.028665525059319037
17580,0.022602467227083162
17581,0.06356246894008444
17582,0.02880642593728574
17583,0.03968595657069427
17584,0.03819511077052602
17585,0.020844628770976436
17586,0.03382749383225834
17587,0.07520438320354543
17588,0.04757502986297653
17589,0.1013104274059644
17590,0.07663421342596745
17591,0.09395202427203277
17592,0.015278709682618243
17593,0.04930867282149727
17594,0.023140088758473808
17595,0.024660812089376715
17596,0.025212043388711115
17597,0.05972205010384272
17598,0.021659913472532877
17599,0.02791472968702193
17600,0.0346578941095559
17601,0.0663350384358692
17602,0.03015530513026496
17603,0.034192682467264944
17604,0.05201120363369152
17605,0.07079683589572836
17606,0.04348881075780395
17607,0.042591727999889736
17608,0.057159139369070903
17609,0.06696781314151581
17610,0.12256216058831257
17611,0.11336691777539909
17612,0.08122027762517935
17613,0.050686963595262514
17614,0.10156109755692388
17615,0.05874013842071094
17616,0.14904882614935833
17617,0.08932427111859395
17618,0.07910393356077948
17619,0.05188657492053718
17620,0.18286466110131022
17621,0.09575367242502918
17622,0.15199704304401915
17623,0.1979375373930052
17624,0.681051161161923
17625,0.24899799188718316
17626,0.32894554203980114
17627,0.3105995599723677
17628,0.8406221153879454
17629,0.3679392488347611
17892,0.009484888667522217
17893,0.02198919775118244
17894,0.025986716612601577
17895,0.027554701490626443
17896,0.0620140899129204
17897,0.06927188125046918
17898,0.02507685115634055
17899,0.03409793724758539
17900,0.0314663281055625
17901,0.0417555503913565
17902,0.04498967324937327
17903,0.052720113951212684
17904,0.03513859563378858
17905,0.07693722430567426
17906,0.08450499121649839
17907,0.08757352222522675
17908,0.06394732131665427
17909,0.09375150086989097
17910,0.07217770922158624
17911,0.2651655661658167
17912,0.18006492819794517
17913,0.6443300666517291
17914,0.16951460993604747
17915,0.3762704039181299
17916,0.22434736556366341
17917,0.8785202657477528
17918,0.40635703178724036
17919,0.8614961821999407
17920,0.9284944367584007
17921,0.3387386382083938
17922,0.017470588179550096
17923,0.02663786381474883
17924,0.016106182899816527
17925,0.04211364556716162
17926,0.0459555935082621
17927,0.047191304133498625
17928,0.03154605977528573
17929,0.028153814173179668
17930,0.020274394082199203
17931,0.0338196507040308
17932,0.044389867734884236
17933,0.049046827846432335
17934,0.043839088709790586
17935,0.04290336632275317
17936,0.08371935684454783
17937,0.06795988111630176
17938,0.03167725797594562
17939,0.03731924184099654
17940,0.029696061026845983
17941,0.030053376884818378
17942,0.03290538218505322
17943,0.06731212982217748
17944,0.044196896081531566
17945,0.04745131086523179
17946,0.017755274732497096
17947,0.050947418390934675
17948,0.07171025085693156
17949,0.0889995073233301
17950,0.13155985267096398
17951,0.1343652168872604
17952,0.09822582370812206
17953,0.10999558283907587
17954,0.13405056212201708
17955,0.2729002395756195
17956,0.11584744289813641
17957,0.15180179293254292
17958,0.1281887332138947
17959,0.3164836536935506
17960,0.22101668170071861
17961,0.327982346733482
17962,0.3226410668307076
17963,0.4305536812050985
17964,0.3943155057931971
17965,0.1797756031137266
17966,0.2973169381656463
17967,0.4179406865438552
17968,0.25620081102165365
17969,0.29526623589145823
17970,0.5383940225250795
17971,0.3576941249184191
17972,0.6042543860218643
17973,0.5741983382601681
17974,0.45427385367882683
17975,0.34539200940009834
17976,0.6061134834647447
17977,0.01282709817289945
17978,0.00875034185044743
17979,0.011852886631589652
17980,0.01867375167390694
17981,0.0271893437051347
17982,0.01983829260048701
17983,0.016582507915601074
17984,0.021902500463615426
17985,0.03820773335228868
17986,0.013279329657601015
17987,0.02293618193327652
17988,0.04651819238084794
17989,0.0222257536954292
17990,0.03217615626834748
17991,0.05391534020940636
17992,0.03173535652053044
17993,0.03226548087608312
17994,0.03397382694400744
17995,0.040112277874400165
17996,0.0327238690035341
17997,0.026569805371164826
17998,0.05744611983647483
17999,0.0430633855605872
18000,0.15949389696764918
18001,0.19580315042317106
18002,0.057687152044868316
18003,0.053152461221410804
18004,0.09204340615221662
18064,0.03207916199116924
18065,0.02103798634447795
18066,0.02338700024677035
18067,0.023201539301745434
18068,0.027736400533973877
18069,0.028358091462061773
18070,0.013501141608162957
18071,0.059912087299766485
18072,0.050101106871970044
18073,0.04052867464481503
18074,0.04085468896185423
18075,0.03628032703742005
18076,0.08867811788489455
18077,0.04435951136945383
18078,0.12717002427446275
18079,0.056483722394971764
18080,0.12904626811323067
18081,0.18603138543203082
18298,0.01555402139924323
18299,0.03899227512451841
18300,0.029822517751334817
18301,0.056669436273940235
18302,0.035191966953282264
18303,0.045277986871922984
18304,0.03790716094741882
18305,0.04939982297991995
18306,0.03753709921246715
18307,0.09263964336621858
18308,0.07837352659684761
18309,0.06326918388344027
18310,0.09103852106061888
18311,0.06514189196026778
18312,0.06290577349908409
18313,0.0907344041154705
18314,0.04911845294591881
18315,0.12281582561602086
18316,0.1833064856997639
18317,0.09723366273069124
18318,0.28928450483929286
18319,0.0804670139969726
18320,0.31329032077016206
18321,0.20555578303194472
18322,0.175544490735639
18323,0.16679797087894954
18324,0.3788363627691161
18325,0.35868652469815704
18326,0.19494319393045284
18327,0.39087177409959006
18328,0.4415965249319029
18329,0.253727764585363
18330,0.41783791302747486
18331,0.2965302247960021
18332,0.36845877356543655
18333,0.6013323115740831
18334,0.3532953575773477
18335,0.2655239741322222
18336,0.6020858268420954
18337,0.5963574171676129
18338,0.48034839043090394
18339,0.5937067410958256
18340,0.6199760391804294
18734,0.024018953716486623
18735,0.012492696717077544
18736,0.0537516185508374
18737,0.02110078679360389
18738,0.02685803777939932
18739,0.024456904713655046
18740,0.027999174393153824
18741,0.04773540792593689
18742,0.06927510748674058
18743,0.09077390583328555
18744,0.04823708482604817
18745,0.08281225903866621
18746,0.09391756761198819
18747,0.0374324715164889
18748,0.10670416031800307
18749,0.08639671524530886
18750,0.059992259639744
18751,0.1549406510344582
18752,0.08041561195407505
18753,0.11315707743517255
18754,0.061947577415542576
18755,0.15822174035460237
18756,0.07368477616610807
18757,0.11681365115858461
18758,0.9629161434499888
18759,0.08012156718573105
18760,0.3562692279590351
18761,0.11935222957979555
18762,0.2268802604644466
18794,0.08401924836553282
18795,0.060737966085276235
18796,0.11693684024273474
18797,0.1223515109691518
18798,0.0882882234303937
18799,0.18720182088700132
18800,0.06709128057728982
18801,0.08186884266518023
18802,0.09018838297902956
18803,0.10333350097150587
18804,0.08829081720273012
18805,0.10228079504245763
18806,0.14520248860296844
18807,0.3507956200924237
18808,0.23145159668824652
18809,0.11565463107530351
18810,0.18577039718703564
18811,0.1478853783488874
18812,0.41781056566195374
18813,0.4462047522021309
18814,0.9807350956202594
18815,0.3872353396331531
18816,0.2280069045502394
18817,0.24691975190738286
18818,0.36088386650722715
18819,0.5446653526691206
18820,0.02530584481364967
18821,0.015647942560156895
18822,0.03355259573897863
18823,0.011890181344941363
18824,0.03612881050190742
18825,0.03911991853211749
18826,0.023512861816087156
18827,0.043146830609241606
18828,0.036217706610954845
18829,0.03619992350784645
18830,0.025532754992309368
18831,0.007248106831673343
18832,0.034474919374888745
18833,0.06066441795408277
18834,0.03174157275607752
18835,0.0577944777182845
18836,0.06046786240329075
18837,0.05161276305106477
18838,0.04801127298081211
18839,0.04119345172145874
18840,0.04724827754908624
18841,0.042983840423636815
18842,0.6270298814618156
18843,0.08100885666712064
18844,0.19544036751541627
18845,0.17886878001484474
18846,0.8387156958398055
18847,0.7961372981062987
18848,0.2670068772619993
18849,0.3539774520533236
18900,0.057221452904778355
18901,0.03238860683481888
18902,0.03288855994411607
18903,0.08124169331210228
18904,0.053130274055916485
18905,0.036536022485632126
18906,0.11960611116705695
18907,0.09459055209729636
18908,0.07859225737370831
18909,0.06639339109091982
18910,0.14726268241951376
18911,0.07540533049493434
18912,0.08944973769453307
18913,0.09355014977090272
18914,0.08809509136839898
18915,0.15002922128495855
18916,0.106775666201652
18917,0.18607553198722368
18918,0.15295464869758957
18919,0.13122091706638744
18920,0.45367509333423994
18921,0.24980508212245423
18986,0.028157372605195925
18987,0.038854366236535244
18988,0.03412737957303364
18989,0.020594189059209338
18990,0.03351880531968632
18991,0.034286553605993766
18992,0.034770137782440216
18993,0.0587250651999967
18994,0.04488531033915077
18995,0.07711987361266094
18996,0.03959805209588039
18997,0.045483532974567364
18998,0.13529560824279335
18999,0.13451430204550527
19000,0.1429425858632976
19001,0.06823744822236327
19002,0.15428360474206798
19003,0.19231514605380287
19004,0.2261661994930504
19005,0.02752944674370258
19006,0.024045993265187013
19007,0.06736166674932138
19008,0.044983400688153485
19009,0.0263411920136985
19010,0.07049961634712967
19011,0.1038123507869109
19012,0.10510954393618066
19013,0.08642504200317004
19014,0.12945487175342044
19015,0.08095283814228099
19016,0.0725019778493937
19017,0.07861103564251407
19018,0.20056197830993533
19019,0.1416009997684852
19020,0.05851734974282614
19021,0.25372549477789413
19022,0.28073595377903793
19023,0.97744409658889
19024,0.19249760737604332
19025,0.2868742146084343
19026,0.3275925137184971
19027,0.9860369448858163
19028,0.5706560248823173
19029,0.009416910549923137
19030,0.023439462815431845
19031,0.018402228594520283
19032,0.022453050743545068
19033,0.02059873005318998
19034,0.03618673723759442
19035,0.03489207734075408
19036,0.0528641863429737
19037,0.030955436653033783
19038,0.023428503924359953
19039,0.022745969210176027
19040,0.07054093252027926
19041,0.06919406335344992
19042,0.04386376642997552
19043,0.10699433472429769
19044,0.13776303342899957
19045,0.18362572022500834
19046,0.07431387589014232
19047,0.1755214828878664
19048,0.051857947766486244
19049,0.11160865549369968
19050,0.08495221992713443
19051,0.1280912311567008
19052,0.13103174423529568
19053,0.11582729073588212
19054,0.1370232386263232
19055,0.16832008629695736
19056,0.23233917272619678
19057,0.3405567207007941
19058,0.17307740931115853
19059,0.018228207742260902
19060,0.021813115075382555
19061,0.026212633897278625
19062,0.023993680327131676
19063,0.023736657622574854
19064,0.03562337126731278
19065,0.029850455302423567
19066,0.02314828977242772
19067,0.033065715505156315
19068,0.059077368757407725
19069,0.04293794696752585
19070,0.04718007825643462
19071,0.0711688852977542
19072,0.06155233610235636
19073,0.18043971696046723
19074,0.14716878012914889
19075,0.1160857742160251
19076,0.074845246056725
19077,0.11745108949058068
19078,0.06569625371929931
19079,0.22252049775594052
19080,0.22864999114872836
19081,0.126183165664435
19082,0.22320289246944713
19083,0.26527361272931926
19084,0.18406291603938565
19085,0.16283689616397076
19086,0.2475961701544478
19087,0.330895957019837
19181,0.03488788906947228
19182,0.014234393536408702
19183,0.011753384543830615
19184,0.01596965973586304
19185,0.021228520981368123
19186,0.03434615354166684
19187,0.017065411547195534
19188,0.0194373582839446
19189,0.026565417131024033
19190,0.04070056068419722
19191,0.04810984099179146
19192,0.04571001521878453
19193,0.08295540230862888
19194,0.11746338679405277
19195,0.08149180743458243
19196,0.05558400231046983
19197,0.43954847750475423
19198,0.12927022710656097
19223,0.054873044035315385
19224,0.04573692667934238
19225,0.032576026116025364
19226,0.03519096632066688
19227,0.05846429656081649
19228,0.047622621305888006
19229,0.06114897485221022
19230,0.05174165671082578
19231,0.04889206363424758
19232,0.06803417409134191
19233,0.11053265655556072
19234,0.16414304991552178
19235,0.11979157391990332
19236,0.21730630241045445
19237,0.09020121253848344
19238,0.2099348890804213
19239,0.11961701876956764
19240,0.2751507490632722
19241,0.10136011640073382
19242,0.6371456543440105
19243,0.17099896643136958
19353,0.01816862737972715
19354,0.029854571754077353
19355,0.028677416738840472
19356,0.05007460214776538
19357,0.04506761075400647
19358,0.02559832662489176
19359,0.03389283621423325
19360,0.04533759487572197
19361,0.040211831632772116
19362,0.045449271084253624
19363,0.1030041923150024
19364,0.04504333257885803
19365,0.06537360993919422
19366,0.04825782334994935
19367,0.08253683940376318
19368,0.1367109165854572
19369,0.07797566713610318
19370,0.1443666071992435
19371,0.16821926007779117
19595,0.0057420461885701185
19596,0.015102798536342854
19597,0.023166217973327474
19598,0.02113799583682149
19599,0.01514391195206395
19600,0.016670146955001516
19601,0.020865856293059166
19602,0.024173709643970524
19603,0.03731794323912897
19604,0.03372119826861956
19605,0.02933647965535683
19606,0.020671300874387007
19607,0.04358649582895315
19608,0.04900691072217287
19609,0.021730107028248357
19610,0.029448967630429805
19611,0.03139811871198136
19612,0.03162200283102843
19613,0.05353896054933028
19614,0.09753128118487739
19615,0.06555976438810865
19616,0.06276967797027226
19617,0.09627093661045961
19618,0.602792164799731
19619,0.0838243784257695
19620,0.18057111572546375
19621,0.6490887588405087
19622,0.11820222479034821
19623,0.10522455400814994
19673,0.033416166859892196
19674,0.05453157038012272
19675,0.05794236276217297
19676,0.07934708060082425
19677,0.0707073047138723
19678,0.09420384700419987
19679,0.09564319999233628
19680,0.07755202504140377
19681,0.06494780678040689
19682,0.08347104297925986
19683,0.10076363438153349
19684,0.13216478607252752
19685,0.09243243839183636
19686,0.9325092774354011
19687,0.9574772260084691
19688,0.8682283037867291
19689,0.16297765148815505
19690,0.2040512010156632
19691,0.13800589614575703
19716,0.04471768424742158
19717,0.019357420096689844
19718,0.02442793724468348
19719,0.017134475102544646
19720,0.027393041749262763
19721,0.026646783194436502
19722,0.05091312363387881
19723,0.026613499926715807
19724,0.023894212123942823
19725,0.07019154808596023
19726,0.1088186429599384
19727,0.9125399335108811
19728,0.10155611031731544
19729,0.056970491806579225
19730,0.07606975592235121
19938,0.03888168240034797
19939,0.03968494802636706
19940,0.03535613241285879
19941,0.02914787429893424
19942,0.04151483790610793
19943,0.08842456668203423
19944,0.0628741401764509
19945,0.07214873702347693
19946,0.11374484724284399
19947,0.0731903003276317
19948,0.2233514885035307
19949,0.16563943150978583
19950,0.13320705001774943
19951,0.3237311151777708
19952,0.15584912465851336
19953,0.3182884507668023
19954,0.2859741843956768
19955,0.7156022592549235
19956,0.40239321442379766
19957,0.33940505675543153
19958,0.33270339334662036
19959,0.048014035515595514
19960,0.022734591191844067
19961,0.054760502939010094
19962,0.023459177251716774
19963,0.03567249456207904
19964,0.03923345761192059
19965,0.04287940109388655
19966,0.10241891487676102
19967,0.0824654633447923
19968,0.0904453083512138
19969,0.0544756003421814
19970,0.12237707530867328
19971,0.07849196246528659
19972,0.15210780023489534
19973,0.0554306794333118
19974,0.19585963080381055
19975,0.1585561534392437
19976,0.1979171337354989
19977,0.21448206572843853
19978,0.17961407180614145
19979,0.11320452357973985
19980,0.14324269394678082
19981,0.263585088334966
19982,0.15701237818213054
19983,0.3346668644970157
19984,0.33365659946822274
19985,0.40332920489099633
20136,0.024398809130860365
20137,0.018488735258299478
20138,0.015600060749864999
20139,0.026368772624699475
20140,0.014308601530912408
20141,0.02064626942152847
20142,0.02201190558887781
20143,0.030023566330691007
20144,0.03388937511684038
20145,0.0285452733359024
20146,0.07426931522124627
20147,0.029382004646624337
20148,0.023125478083466208
20149,0.052705961343342864
20150,0.07818868302671152
20151,0.08112263950255283
20152,0.062496627900239764
20153,0.1650995659811938
20154,0.07122782269647437
20155,0.07996126571210217
20156,0.07402790782473366
20157,0.1472432366845038
20158,0.1500804141373308
20159,0.10342387377256491
20160,0.07316673392648973
20161,0.1739167207205756
20162,0.09347033368977091
20163,0.14469668921039971
20164,0.23906806874809425
20165,0.12647303711516159
20166,0.15703230583392552
20167,0.1764235241918564
20168,0.2727465280936608
20169,0.2235835939855575
20301,0.042680348252702546
20302,0.057266704779326806
20303,0.030362652367045745
20304,0.06966406224633638
20305,0.02799382743446655
20306,0.05159446881284015
20307,0.06424875092297942
20308,0.0368556705448662
20309,0.06170706252350424
20310,0.060973295944290525
20311,0.0853514228419052
20312,0.04644965168317421
20313,0.11140124505974765
20314,0.1932768465449754
20315,0.10380001051259027
20316,0.0837906628225204
20317,0.14514971375074645
20318,0.14560511801487558
20319,0.24958020895396454
20320,0.16034072837089
20321,0.1516032997832496
20322,0.1870447128608129
20323,0.4271024862831211
20324,0.15310188496783844
20325,0.2848947843788875
20326,0.48426165862983017
20351,0.04669344704524794
20352,0.042408545824341275
20353,0.05271495760267783
20354,0.07123239719946874
20355,0.03480519774598149
20356,0.028968638713991187
20357,0.030620567111193625
20358,0.06256260671834844
20359,0.04294870849791815
20360,0.03211235022791325
20361,0.050627131713376336
20362,0.041839371101939075
20363,0.036257980156106075
20364,0.05749153758954315
20365,0.053341659219298794
20366,0.13701322046877268
20367,0.925434134402735
20368,0.1439816252410826
20369,0.9096768005352734
20370,0.0746201924593471
20411,0.023546482418084436
20412,0.027439380944363614
20413,0.02117236386290887
20414,0.013486416479072316
20415,0.025346293925780396
20416,0.03452858806848006
20417,0.04003857412766893
20418,0.029548081936986083
20419,0.03383073879190454
20420,0.025696684361901378
20421,0.05588662436895823
20422,0.042354644666104085
20423,0.04551801197470464
20424,0.04442345501631309
20425,0.04513745120971351
20426,0.045154367927682106
20427,0.038551104761289895
20428,0.03674420796327241
20429,0.0833278908318886
20430,0.07725152080252186
20431,0.08261274580631843
20432,0.06600136754690038
20433,0.055900430874682557
20434,0.07831396633852557
20435,0.09990926871671083
20436,0.15514660250348833
20437,0.09144953349901698
20438,0.09330502863508902
20439,0.23911968420592317
20440,0.1556188981465607
20441,0.8796956590161376
20442,0.6978099249234595
20443,0.483522395180112
20444,0.30055866565711475
20445,0.33200706356388515
20446,0.4116892826857252
20574,0.020123975757169163
20575,0.04273154529952883
20576,0.019655447223337133
20577,0.01617047533574677
20578,0.020788963384346618
20579,0.028616250231612506
20580,0.049031678073547
20581,0.04347802679411191
20582,0.06770018588646363
20583,0.05568513239785688
20584,0.03614292566322348
20585,0.0576759274149844
20586,0.08700777234689076
20587,0.11727951460469135
20588,0.05037446364280278
20589,0.0841398768008895
20590,0.058958022945875724
20591,0.07493667530056507
20592,0.10646826489895672
20593,0.0818918814077662
20594,0.12980918141878295
20595,0.1420920949094943
20596,0.21440668583339428
20597,0.1822778673427143
20598,0.38777661596207647
20599,0.16854574987018076
20600,0.4284391680614188
20601,0.32654276468701326
20819,0.017075283423476854
20820,0.015824659902092163
20821,0.018720766047136267
20822,0.016123167660242108
20823,0.03897080223682188
20824,0.027917455554963867
20825,0.029965817100521184
20826,0.02389375703357529
20827,0.05240815353483572
20828,0.04606050058665874
20829,0.03668728625554615
20830,0.03270179374305427
20831,0.04051747547803358
20832,0.0693166619797248
20833,0.0346935657218913
20834,0.0577233406460624
20835,0.04192580480598942
20836,0.05742246488468568
20837,0.10361948937457761
20838,0.1583900913700163
20839,0.30948842047508196
20840,0.15733267070244047
20841,0.9469948101534168
20842,0.1846309409552283
20843,0.1507215785813643
20876,0.057406674565001516
20877,0.047986693305555154
20878,0.03235359687881097
20879,0.06564454936586286
20880,0.03367163141826222
20881,0.07457171855059996
20882,0.07524126871968202
20883,0.04730289977034644
20884,0.03859856873688597
20885,0.054000327235696255
20886,0.036228075144591226
20887,0.10488447970971267
20888,0.0460357560527341
20889,0.11545504227876038
20890,0.1289106084657714
20891,0.09207769586567674
20892,0.10402808569002515
20893,0.06709467329050461
20894,0.09687799474656911
20895,0.20207010290161453
20896,0.3133775850956699
20897,0.19273966015510255
20898,0.08190927918938166
20899,0.2658476384341723
20900,0.1238655960500695
20901,0.17758056598392022
20902,0.42121386202711575
20903,0.33771765823451366
20904,0.30273392523132814
20905,0.9579155130669076
20906,0.9455993714579547
20907,0.9443191609573995
20908,0.9442920939675593
20909,0.049032826723321946
20910,0.019812055908498927
20911,0.014875070774273948
20912,0.04019727227828483
20913,0.02077964251588425
20914,0.030574481413054164
20915,0.03959127068201673
20916,0.05275074204117898
20917,0.03141775967661193
20918,0.040404719518340626
20919,0.07250108441374165
20920,0.04355191898363195
20921,0.037658447909810704
20922,0.089451280542248
20923,0.08135860715811069
20924,0.12545201411231285
20925,0.07814624326620233
20926,0.06162810085036103
20927,0.20917806512295684
20928,0.08354050034548123
20929,0.12740348791566855
20930,0.08319685979857462
20931,0.07287904963594857
20932,0.23186416419316408
20933,0.1318911457940079
20934,0.0951956986754913
20935,0.14603813290863768
20936,0.6449920493877683
20937,0.22022793188850864
20938,0.9729849287767264
20939,0.9808021783996321
20940,0.28739375651242133
20984,0.018018760399648354
20985,0.05296595719961922
20986,0.026152628191509042
20987,0.030447102482659475
20988,0.027449831897499433
20989,0.09434658576447413
20990,0.02509010724218573
20991,0.04312541104056306
20992,0.04066861664664924
20993,0.0502464246866807
20994,0.05111589975635172
20995,0.06578520535657345
20996,0.10480062536430894
20997,0.09151984201415846
20998,0.0742488116667709
20999,0.13283467477377298
21000,0.19034645018908605
21001,0.1617512546292986
21002,0.07961218513118944
21003,0.17576798714048678
21004,0.34363132836106736
21005,0.39815453907189724
21006,0.20699100384073163
21007,0.3731474289403521
21008,0.2226330599906084
21009,0.17822244887345778
21034,0.043915815751675635
21035,0.031117977053545572
21036,0.02269590637859481
21037,0.02427009295169789
21038,0.017956345935188682
21039,0.03736524124108345
21040,0.050978569142128324
21041,0.06749873231759095
21042,0.06343314341611685
21043,0.06413869243736384
21044,0.05305540635068304
21045,0.04277217657889125
21046,0.05691679255341592
21047,0.07238917026010314
21048,0.06742076105313427
21049,0.0454413368488618
21050,0.04261358681979161
21051,0.08018976044536137
21052,0.11472302251641403
21053,0.07287362031833208
21054,0.06976103449735083
21055,0.1441777038748638
21056,0.29243801255324375
21057,0.1413627515043433
21058,0.2712453875410912
21059,0.2421751084389878
21060,0.11983007671149244
21061,0.09314688566317056
21062,0.3320552115511121
21063,0.8541451197702025
21064,0.4329255019740197
21065,0.8466462609029138
21066,0.8114166918994136
21067,0.49217898178722597
21068,0.4401197984723296
21069,0.5793565050392633
21070,0.020160470583223702
21071,0.0221256612443086
21072,0.04196771041729292
21073,0.022666730379661885
21074,0.05767063726931583
21075,0.030621938152619974
21076,0.02756758174349294
21077,0.058219398800864734
21078,0.06095793034373494
21079,0.1008779128781515
21080,0.08707663896559334
21081,0.050080527341766955
21082,0.09738932072865701
21083,0.11678696765966284
21084,0.10284522862491875
21085,0.06337648050265161
21086,0.11933198723717629
21087,0.11939931863035758
21088,0.2141702766854624
21089,0.1857613366796706
21090,0.01302830142848452
21091,0.03756541304082663
21092,0.05047289052025343
21093,0.020694679880426465
21094,0.03851926629515185
21095,0.054810695571539045
21096,0.06052079075737495
21097,0.05664628937258149
21098,0.05204271384764679
21099,0.05988290331409422
21100,0.05749959597373652
21101,0.07739874840807702
21102,0.06763265947612776
21103,0.09502850484448183
21104,0.08909528596115812
21105,0.1054951980902163
21106,0.1257465326965035
21107,0.15424303352092186
21108,0.11938756861213028
21109,0.24915178957512038
21110,0.36713291761500827
21111,0.20829958131614396
21112,0.1474363308658166
21113,0.22341043310393682
21114,0.17342540605935883
21115,0.42147024263519084
21116,0.4157218201026371
21117,0.42761738232385554
21118,0.4858536466713249
21119,0.43692804375215816
21120,0.37372473385206395
21121,0.9936927734924196
21122,0.6073432078866206
21123,0.40856451485006806
21124,0.034624182738390394
21125,0.03498844694942435
21126,0.04387869639374698
21127,0.07752612077895403
21128,0.046360617908561
21129,0.055869224400369955
21130,0.035466711592682915
21131,0.052843352249018344
21132,0.0677597084697046
21133,0.2618671840066807
21134,0.18567180338838812
21135,0.08841368428810989
21136,0.2176161611659523
21137,0.13875143854868927
21138,0.13828722190269796
21139,0.3468289796221605
21140,0.17253494446847617
21141,0.1497389818315514
21142,0.1850089883507957
21143,0.974073529106002
21144,0.4521905074216696
21145,0.7478326534769577
21146,0.8372214516952107
21147,0.2751522012961447
21148,0.2675002547548534
21149,0.02815662698121481
21150,0.026720081718715986
21151,0.023934961544166355
21152,0.05469111966060263
21153,0.052118757569692885
21154,0.05404586867714088
21155,0.024566298685876058
21156,0.09986151635687959
21157,0.06123238236371641
21158,0.0753145649874801
21159,0.08841181343848359
21160,0.07446088925749365
21161,0.10537992787124535
21162,0.1389319823114222
21163,0.07257709417614956
21164,0.09151894883236586
21165,0.1203680903934752
21166,0.351078162104453
21167,0.17110281949046616
21168,0.2539556435504982
21169,0.17464231165772592
21170,0.18865416544271696
21171,0.27841272713776843
21172,0.20088279693965544
21173,0.36079856921696446
21174,0.4013491564079964
21175,0.5605223616938202
21176,0.48914730477408724
21177,0.4047383740624116
21178,0.4198715258435658
21179,0.032698585126835586
21180,0.032163681014402166
21181,0.04659220443619032
21182,0.02566604002438872
21183,0.036431556851163456
21184,0.07490269290377904
21185,0.03596147901457313
21186,0.04456717533471021
21187,0.0386458911227195
21188,0.08606503452022572
21189,0.04349200702894277
21190,0.052650250905121605
21191,0.027469023030373723
21192,0.07121542200999097
21193,0.12487682098262334
21194,0.08985834723118928
21195,0.09681670525488163
21196,0.11616569180300616
21197,0.08873329175384138
21198,0.1223979774704544
21199,0.2565820388511069
21200,0.17307886974637035
21201,0.15117481411635603
21202,0.2855789005472949
21203,0.15138385903008272
21204,0.18271915441189962
21205,0.16661048918414462
21206,0.018574312304289277
21207,0.03526436442514239
21208,0.03943903249270773
21209,0.040462857037981
21210,0.060219915262067
21211,0.0541692667064364
21212,0.09479979726050981
21213,0.050607747695425837
21214,0.05761119743320653
21215,0.06854902206738869
21216,0.04426079117703741
21217,0.06277781108077589
21218,0.1231308869647371
21219,0.10262373922954389
21220,0.11462613115462376
21221,0.07422085275677662
21222,0.10861268788456471
21223,0.22488149409966723
21224,0.12717413295732544
21225,0.12485477778729442
21226,0.21564032953092194
21227,0.14518587338902664
21228,0.28701877466451886
21229,0.03701709206504073
21230,0.014934352468974786
21231,0.023305633880101845
21232,0.031026619178509178
21233,0.02377183705484136
21234,0.02455999322945581
21235,0.03600027168990027
21236,0.03681076091504852
21237,0.050122327166509856
21238,0.037071553737022665
21239,0.10534962017317277
21240,0.07462358429643247
21241,0.04940368792063394
21242,0.12742034788957068
21243,0.0848284040298526
21244,0.10505234197316131
21245,0.11325681542975172
21246,0.15453995397420361
21247,0.18611057617610202
21248,0.18053160897828763
21249,0.1100109316595219
21250,0.1722698601349772
21251,0.27018502326917976
21252,0.12450666623004442
21253,0.1250859215942004
21254,0.054517112002547836
21255,0.09414755932024317
21256,0.03748494085639922
21257,0.09584316020938542
21258,0.039436169932431174
21259,0.04854585576895785
21260,0.0741599154298599
21261,0.16433796607689857
21262,0.21331646192063192
21263,0.1019430488100593
21264,0.11057578680136
21265,0.284418374900093
21266,0.14017172283234203
21267,0.3056539563595406
21268,0.1890468988162866
21269,0.3452731961263487
21270,0.3887273406398039
21271,0.1906435190547848
21272,0.34567843500872314
21273,0.384684034796754
21274,0.359138319967334
21275,0.8569000599433986
21276,0.3107432537117069
21277,0.3485925896516198
21278,0.498134484621183
21279,0.019196430587238564
21280,0.009371797405409232
21281,0.048077503509367146
21282,0.05077823627292431
21283,0.05731652611837669
21284,0.023244179256844723
21285,0.06645036662486882
21286,0.049189866434549735
21287,0.04964672324829131
21288,0.054563750836040883
21289,0.05364324092594795
21290,0.14131067332952546
21291,0.06495583326062733
21292,0.07003057279004025
21293,0.17414119968373637
21294,0.17136437514472727
21295,0.17269653705775714
21296,0.13725724533370043
21297,0.24356854750736143
21298,0.17128349200932205
21299,0.0956310870290999
21300,0.15144532594190227
21301,0.2848917046235976
21302,0.17172672258535776
21303,0.31282571868113773
21304,0.9805222530039626
21305,0.9774534670874183
21306,0.9816038316421841
21307,0.37085558488807496
21308,0.4447294686880928
21309,0.5423866882257278
21310,0.018596019196098632
21311,0.027438737986103516
21312,0.05693681397401259
21313,0.019048251130553532
21314,0.08984315394592604
21315,0.042330264215551375
21316,0.06187995795754303
21317,0.0891759847518511
21318,0.038096292188029804
21319,0.05042941565246464
21320,0.03174046902815856
21321,0.08814254018890415
21322,0.08043217628564837
21323,0.04290337916046472
21324,0.0655039887755208
21325,0.11553347953736316
21326,0.07264028949915378
21327,0.09908872255316054
21328,0.05882873728289338
21329,0.12030865875790475
21330,0.03812781988471695
21331,0.01297225894411027
21332,0.05006170628149042
21333,0.03705873630315977
21334,0.02667153409254944
21335,0.04248161277536619
21336,0.03408330152445526
21337,0.03291481570318207
21338,0.028713110857699994
21339,0.0379138012247012
21340,0.06496796273732443
21341,0.054735428490062264
21342,0.055454780228561866
21343,0.042359291759532756
21344,0.05343291333784893
21345,0.054828901773621506
21346,0.08748541371681831
21347,0.12061086574867125
21348,0.1054159277455131
21349,0.05917746285411143
21350,0.07846310030218002
21351,0.06429731002854888
21352,0.0961805879309084
21353,0.06895633455149121
21354,0.10317877681445743
21355,0.06142447829485564
21356,0.17227773446844283
21357,0.06919581900802774
21358,0.25826221158117263
21359,0.15793140286520943
21360,0.6561642371748965
21361,0.23395664656128642
21362,0.21926020943034943
21363,0.02118938547433795
21364,0.062139136105938964
21365,0.05874649947249394
21366,0.04615885136885651
21367,0.020954249976416484
21368,0.02649943696710435
21369,0.03850995310302627
21370,0.062335630771636306
21371,0.04732659264969705
21372,0.0607253410693617
21373,0.054772991703372485
21374,0.06876800926868971
21375,0.03877777280281845
21376,0.08532840503434101
21377,0.09721675845746565
21378,0.12210383817548531
21379,0.051829646140391594
21380,0.029674251885251263
21381,0.05189294356671699
21382,0.030889965949211444
21383,0.04168948221190701
21384,0.06882834992016389
21385,0.053854009781029395
21386,0.057080501923325276
21387,0.05332176081751489
21388,0.07208238778139751
21389,0.0621428611852977
21390,0.12044868840760564
21391,0.07563511018633877
21392,0.12477491999849144
21393,0.16478560308088996
21394,0.15319347799795976
21395,0.09226014188567856
21396,0.14650055276883944
21397,0.13350711667458212
21398,0.3083095561073275
21399,0.1686757440035969
21400,0.21525127882492337
21401,0.30947932801361844
21402,0.32435987272461947
21403,0.41258858572302876
21404,0.32265359455040965
21405,0.3836394094752143
21406,0.2807951184292292
21407,0.4118000408186426
21408,0.4170632433636583
21409,0.6061547343035363
21410,0.5306756429478928
21411,0.049937747134022985
21412,0.021433123035784547
21413,0.02459453498397324
21414,0.039807409100142806
21415,0.04862292743978041
21416,0.028755716250657915
21417,0.06094387514472303
21418,0.02467757833917264
21419,0.12854686776146912
21420,0.075654843738195
21421,0.04680987384225396
21422,0.11602920177814714
21423,0.05729451384688436
21424,0.06874159008962365
21425,0.0778185496847337
21426,0.050934088987009477
21427,0.11316955951365365
21428,0.07617996003455545
21429,0.1464767536222091
21430,0.1748963390210098
21431,0.2588095870979914
21432,0.6289903295469322
21433,0.08563432785419414
21434,0.2507272431113292
21435,0.23637118745415286
21436,0.2704641573760861
21437,0.4127704915688946
21438,0.3983931518101021
21439,0.022143777184816124
21440,0.03895792008481792
21441,0.032972937186025605
21442,0.0211266278583933
21443,0.04657833335182279
21444,0.02557601218105284
21445,0.05096344126957836
21446,0.11070855002460225
21447,0.11030317768783654
21448,0.06484549940428058
21449,0.1776706874988039
21450,0.07654044419310407
21451,0.08418650654987135
21452,0.1390243745340254
21453,0.13011846604431535
21454,0.25420663367011265
21455,0.3364338310380226
21456,0.1707315405297165
21457,0.1894485880015116
21458,0.2908716683682106
21459,0.3267654104608956
21460,0.30496930202757927
21461,0.4864323669880456
21462,0.4965842163587648
21463,0.36485801466418066
21464,0.2746603274121
21465,0.3335354135323339
21466,0.5395795659541789
21467,0.2717072991567042
21468,0.023981935442488965
21469,0.024817901249862783
21470,0.027851915141988388
21471,0.04532389410739318
21472,0.030030893313662422
21473,0.04097512543982462
21474,0.03193554918271868
21475,0.1164874947952604
21476,0.04443137369315342
21477,0.036208854049606685
21478,0.04186819078239918
21479,0.05731300979042471
21480,0.08250752818060411
21481,0.13020106595823783
21482,0.08939939760519283
21483,0.1859095618832183
21484,0.06642359269162056
21485,0.13579908208033206
21486,0.21403635113813038
21487,0.12907923049532186
21488,0.20291388384726564
21489,0.2119537591131076
21490,0.20224532293431088
21491,0.18077717723804304
21492,0.20235096375539713
21493,0.5135972837600004
21494,0.30028264382875325
21495,0.4125325453389826
21496,0.33508474934714166
21497,0.25548357366536456
21498,0.5641080678063778
21499,0.5308027771470334
21500,0.3863923353907053
21501,0.7000957589240177
21502,0.6341196548154637
21503,0.46021021975914356
21504,0.9943725304315179
21505,0.49310177797831495
21506,0.7818316015699762
21507,0.6733014895150335
21508,0.9971920874755192
21509,0.7197976066547606
21510,0.03019986860628228
21511,0.023455583235977455
21512,0.019829088041223564
21513,0.024255272518512765
21514,0.07505564962093561
21515,0.03227976260713636
21516,0.08844007016118793
21517,0.027658119612556667
21518,0.039349263351062855
21519,0.0636741022898324
21520,0.0786901116740663
21521,0.15482371127156797
21522,0.15078786689760368
21523,0.1810441098795318
21524,0.14064642235337355
21525,0.6854876998673708
21526,0.9487561260531292
21527,0.09681719718307262
21528,0.22576022854023148
21529,0.01572533510164295
21530,0.02229899719371262
21531,0.022554890052308263
21532,0.014755071130164606
21533,0.016353367450455684
21534,0.0352787400715704
21535,0.05509738686141435
21536,0.043742195358021145
21537,0.060891299785321706
21538,0.032462277620792034
21539,0.06504806486507937
21540,0.032105122887289284
21541,0.09604477316686044
21542,0.09519854267706584
21543,0.09447827646770367
21544,0.10043418803731981
21545,0.1947717862109104
21546,0.22265211825907003
21547,0.21059312024656712
21548,0.23319099373420776
21549,0.14025902493585207
21550,0.2234413596716572
21551,0.32268201871417934
21552,0.2775059658880032
21553,0.2404995616468761
21554,0.21522093496299322
21555,0.21293140757219153
21556,0.5481665569986686
21557,0.48647399324452595
21558,0.5758168593459568
21559,0.4650178101230998
21560,0.5809246297019868
21561,0.23613837114497335
21562,0.021160074629722532
21563,0.025567985352095
21564,0.06875369642541883
21565,0.044452065680303965
21566,0.06514190321672926
21567,0.08615977702477527
21568,0.059446004709671096
21569,0.028862906937512273
21570,0.036630420112309374
21571,0.12341218183015197
21572,0.06297939183846078
21573,0.04988249951325087
21574,0.11650343594205478
21575,0.04656313041335193
21576,0.1824311729851763
21577,0.08446118428170284
21578,0.10707237262064899
21579,0.08548557972028396
21580,0.24121253101718398
21581,0.15431112048578283
21582,0.12222969875770551
21583,0.2934021727504236
21584,0.8807135387686126
21585,0.2230165581246692
21586,0.6592060174631288
21587,0.1459509881653049
21588,0.2086337185096015
21589,0.024010017418304462
21590,0.024314681059783266
21591,0.05352221210990015
21592,0.03877785855349216
21593,0.024523837207621794
21594,0.058284191066350195
21595,0.02397239993087154
21596,0.05973961548243946
21597,0.06276696202871165
21598,0.06718619939590846
21599,0.12358016678448461
21600,0.07953917666388044
21601,0.06413125150098051
21602,0.10962601838696934
21603,0.09156669751068454
21604,0.15951703251836796
21605,0.08269143284243238
21606,0.07956033501982154
21607,0.15373291200656786
21608,0.1290708206128937
21609,0.300778991861106
21610,0.25531581553184307
21611,0.29712269211740433
21612,0.31982279599950164
21613,0.22407950367114002
21614,0.3509905462696636
21615,0.01734306379212437
21616,0.03403601471341255
21617,0.019951587574074767
21618,0.0561143297096142
21619,0.10457793940001012
21620,0.040883730782459785
21621,0.06021392168682886
21622,0.05667214267481087
21623,0.06030258073409727
21624,0.09984672844670565
21625,0.07216473161792032
21626,0.10623490447568151
21627,0.22231012381387616
21628,0.09170034897378415
21629,0.24054159217990348
21630,0.11826060504918018
21631,0.23197604675213418
21632,0.09584554462985104
21633,0.21817702059333874
21634,0.2680004576544461
21635,0.3610002807416162
21636,0.46496030772581476
21637,0.3820583443736876
21638,0.2420741698264913
21639,0.4313308021633681
21640,0.05945239496942078
21641,0.051994419247423394
21642,0.03280522514788164
21643,0.030175795691904896
21644,0.035686394396357714
21645,0.03387886755063349
21646,0.028107385621612788
21647,0.15740042002156543
21648,0.047887916272949305
21649,0.07186548009176642
21650,0.04137424006130829
21651,0.06700818063244225
21652,0.1750152005443761
21653,0.08671105690182832
21654,0.0818975606447878
21655,0.1870596691037339
21656,0.12145085428055032
21657,0.13668619998475104
21658,0.14258910682709236
21659,0.23391299268822954
21660,0.2593616867901454
21661,0.1400490646522929
21662,0.060929694017901465
21663,0.02114504137051044
21664,0.027075748607275546
21665,0.040794452242216166
21666,0.03412395043517516
21667,0.05490870778052733
21668,0.049904388263847965
21669,0.03668510739978599
21670,0.05943879829803441
21671,0.05233836655423269
21672,0.08332308920369275
21673,0.06404198290456407
21674,0.07606838335255828
21675,0.20431343136609553
21676,0.1728919106114614
21677,0.19790612993958923
21678,0.11103722550411167
21679,0.11748658366996267
21680,0.18806823455599195
21681,0.18730431103774683
21682,0.20943340892354695
21683,0.23925321009633932
21684,0.2635673018003007
21685,0.15032166985069176
21686,0.26755165700215205
21687,0.05400722051338271
21688,0.024880767336190636
21689,0.025442837611714272
21690,0.06587401609245261
21691,0.04779156857584195
21692,0.03296331286217752
21693,0.06398948554653917
21694,0.049165133018266034
21695,0.05895581616731783
21696,0.09279914824804691
21697,0.060851922143328636
21698,0.07621280724920704
21699,0.041655853157929176
21700,0.08028388069565542
21701,0.09062808386696157
21702,0.008911337661750533
21703,0.01740068300881187
21704,0.01154598345964335
21705,0.010414520050638212
21706,0.015056068383059847
21707,0.04123540049050992
21708,0.017816419165666994
21709,0.049962672578771745
21710,0.02212543829753906
21711,0.03711632119965479
21712,0.02077155891107329
21713,0.022141819791997152
21714,0.037360192974037136
21715,0.024281287968717674
21716,0.06866127605486504
21717,0.0337652416230877
21718,0.025355618592644708
21719,0.03830288094604224
21720,0.038955907054209184
21721,0.02959481215590686
21722,0.04573840690604717
21723,0.03369139798503429
21724,0.067105469491399
21725,0.051449502778887914
21726,0.08915249202830397
21727,0.040943553023936714
21728,0.057580628534781894
21729,0.13786813677828086
21730,0.06922466146527075
21731,0.07229684236562971
21732,0.13841498708112887
21733,0.08591703273916233
21734,0.025804909551859656
21735,0.03018937594393544
21736,0.0245001059415436
21737,0.012786394586028291
21738,0.026396186595293216
21739,0.019706542185811537
21740,0.028959480127569742
21741,0.020616095868650125
21742,0.05052157478289272
21743,0.031482697007969
21744,0.023478260190524736
21745,0.05178460135441618
21746,0.06673328795678676
21747,0.03215363010498573
21748,0.0999667107728643
21749,0.0838701166859959
21750,0.03573083857304373
21751,0.033947361633837866
21752,0.050105753646908405
21753,0.04343220916688243
21754,0.040478886945356354
21755,0.07328574486856543
21756,0.06575937173140046
21757,0.06866786324651339
21758,0.12174025368067593
21759,0.13931643869299593
21760,0.06422444334531399
21761,0.07176898866505727
21762,0.1058577598820435
21763,0.24424883736000186
21764,0.1986166648824157
21765,0.10742722602021118
21766,0.19039470901404495
21767,0.126170149986431
21768,0.08855933476613051
21769,0.37968341262598115
21770,0.24866357195916322
21771,0.21761501912025757
21772,0.1858051233662566
21773,0.013511475597618627
21774,0.0167016011828934
21775,0.039627236855440146
21776,0.04306298955321322
21777,0.016580983870130905
21778,0.05074137205897586
21779,0.02030242780371108
21780,0.045932442252519995
21781,0.035793751288842
21782,0.047783819573798764
21783,0.08725071047585416
21784,0.02931203653320606
21785,0.0700974413712453
21786,0.030711148834462177
21787,0.08121883140562225
21788,0.07289975301919317
21789,0.03740449113644771
21790,0.19155836162682185
21791,0.06291739147467473
21792,0.10021041778030218
21793,0.09537258688342952
21794,0.1387807181772677
21795,0.12956108507740835
21796,0.1276898411614495
21797,0.25685023742147006
21798,0.1390914738378597
21799,0.22482038991668388
21800,0.15457328602539483
21801,0.38069520266745105
21802,0.39872631483659293
21803,0.18465983639756586
21804,0.22470954852724442
21805,0.1345263205914809
21806,0.5640863469044513
21807,0.3102929638171081
21808,0.4601740624921458
21809,0.3250963294677104
21810,0.48656507563254037
21811,0.2620747809006789
21812,0.46704474911745447
21813,0.4172330616033076
21814,0.5197481234607291
21815,0.4534715915192361
21816,0.05593955619613483
21817,0.040045950923183596
21818,0.034464401570015735
21819,0.08838132668631075
21820,0.08510486771981693
21821,0.058941001734412586
21822,0.057458830160524756
21823,0.06395593976855941
21824,0.06508487865891979
21825,0.1214819403245198
21826,0.14495536695559252
21827,0.059736663068171485
21828,0.08606833899708978
21829,0.11666563903950027
21830,0.17941057528251286
21831,0.21018188158952616
21832,0.22137823717449986
21833,0.16342712131963974
21834,0.1775899417662171
21835,0.17615045286198225
21836,0.4380649973484497
21837,0.4089559683570448
21838,0.21758844084097456
21839,0.3190503542137404
21840,0.30227113786334886
21841,0.39189051802736263
21842,0.30113474938598245
21843,0.5252282622281016
21844,0.47006272041895686
21845,0.9888945175358917
21846,0.9897619063873266
21847,0.5771749941031133
21848,0.7015660673579921
21849,0.6131716128680635
21850,0.03392492227511845
21851,0.023889395362854417
21852,0.026501260230742753
21853,0.019839877355000705
21854,0.02944960368450346
21855,0.025184439784828823
21856,0.026175292670650142
21857,0.03501009676469242
21858,0.02105698755288473
21859,0.03090587352387509
21860,0.04971437023860178
21861,0.035081890140262154
21862,0.06364903679398493
21863,0.06261902192648995
21864,0.06108603564955924
21865,0.045889600919856784
21866,0.04031225631823905
21867,0.11578867652855565
21868,0.01487321233695197
21869,0.014632187688565121
21870,0.0183570276819601
21871,0.02401149433632315
21872,0.04281140231416265
21873,0.047918413405033985
21874,0.03294868551912674
21875,0.02194151423779009
21876,0.023414425062966367
21877,0.05498941723893342
21878,0.030085193187115618
21879,0.03186061622793707
21880,0.036698606557645584
21881,0.05718217710077354
21882,0.10517714347398484
21883,0.027317436466949063
21884,0.08635735370232421
21885,0.09133769499272894
21886,0.1762399573633378
21887,0.14259827564047536
21888,0.308626887611376
21889,0.1809142812696841
21890,0.22323892460738834
21891,0.03135580603711528
21892,0.021455089374723093
21893,0.03485505189069601
21894,0.02251280317220794
21895,0.015514282838978849
21896,0.02985142083349169
21897,0.06717891822138813
21898,0.06836813840134946
21899,0.03985801450960087
21900,0.048668763017175806
21901,0.0756027007087561
21902,0.057071443224155916
21903,0.1307036867364551
21904,0.10456814899817848
21905,0.1830413622533016
21906,0.18391326993291374
21907,0.16817321318341547
21908,0.11677800757131095
21909,0.016421939623796553
21910,0.020586345134786636
21911,0.0133063044282032
21912,0.026230457832889
21913,0.021644727990722003
21914,0.022773084405317393
21915,0.02501607031306485
21916,0.02644747727098788
21917,0.030886302448725155
21918,0.028242073759444642
21919,0.03400105844569331
21920,0.021197245933760923
21921,0.028880703116887944
21922,0.06441783803790162
21923,0.08645981412281185
21924,0.04391185374379092
21925,0.029646796961090467
21926,0.05721798212022147
21927,0.057182855571796566
21928,0.030586334762525022
21929,0.060993313278633575
21930,0.0670774797423765
21931,0.04842936025201489
21932,0.05276859628024222
21933,0.6183058450214217
21934,0.07908941278211747
21935,0.07155271570813353
21936,0.052014974179882094
21937,0.32074702814482065
21938,0.1899943201782936
21939,0.25669726016849237
21940,0.8362286660749699
21941,0.7846357680171623
21942,0.7904638334867468
21943,0.8677691889977868
21944,0.4036121314507213
21945,0.20481807757718226
21946,0.046917870232804845
21947,0.028589806532445194
21948,0.0435456398282435
21949,0.03287340358387968
21950,0.03810231196136996
21951,0.06784190130714325
21952,0.053004462122926255
21953,0.044307253472193435
21954,0.09186516314896775
21955,0.10263952510391132
21956,0.058919401889122605
21957,0.05702284759662108
21958,0.06849555733014469
21959,0.08201547289343179
21960,0.09936212756192274
21961,0.10277295710934346
21962,0.15031231800219436
21963,0.14013127724665647
21964,0.1524838058812
21965,0.06568744224063662
21966,0.10344336926396437
21967,0.12987045642158437
21968,0.21184538487131954
21969,0.1191504807652392
21970,0.22395683696017252
21971,0.16789375295062503
21972,0.15901020359054133
21973,0.18813568612572806
21974,0.8577009490400109
21975,0.8805375783049968
21976,0.878673080256645
21977,0.8938156926931534
21978,0.8957205887807461
21979,0.5539572363569278
21980,0.010249020061912147
21981,0.03291146078520951
21982,0.022569774279867262
21983,0.022918963332040694
21984,0.046664379926748385
21985,0.0268398261775429
21986,0.055017821556887905
21987,0.07405874554125855
21988,0.02312039744984619
21989,0.028228723556397956
21990,0.05234707294235174
21991,0.04307709026525344
21992,0.11406809636693442
21993,0.04872594049813207
21994,0.05011281110618637
21995,0.10898923392231107
21996,0.12425715551793672
21997,0.017063751152908074
21998,0.043549000307811545
21999,0.013941736083506405
22000,0.029869645125152767
22001,0.05101646083460908
22002,0.02236860316734144
22003,0.04545433548279811
22004,0.040493763800465266
22005,0.06872325624869936
22006,0.03595997834127162
22007,0.06531951285884183
22008,0.07315743624218997
22009,0.13005719603077556
22010,0.04361917630710306
22011,0.06689151505170894
22012,0.07621692698757779
22013,0.09809664992507247
22014,0.10127474255506225
22015,0.06929741442310851
22016,0.14602521427263088
22017,0.21499317845881405
22018,0.25517990303232135
22019,0.1761181448996083
22020,0.29382898990323486
22021,0.9778224140791049
22022,0.9774627293254606
22023,0.3065445557178435
22024,0.3791940419864718
22025,0.20253486291327102
22026,0.0403681119908188
22027,0.02508499839798449
22028,0.0150960096733572
22029,0.03134890546120314
22030,0.024604433075589825
22031,0.050028570621325055
22032,0.02763783535910308
22033,0.06304689694954883
22034,0.021830897512061697
22035,0.07368114092814368
22036,0.053140430280815096
22037,0.026077965902695843
22038,0.030442280683625107
22039,0.036608752749495356
22040,0.11220693157374935
22041,0.0440726890769132
22042,0.11710941447707074
22043,0.07279086452413105
22044,0.06967071819190532
22045,0.15456597511844397
22046,0.030352021957886718
22047,0.029584301642366556
22048,0.06143296936032629
22049,0.03109015332826845
22050,0.022122182177117575
22051,0.06817688561988677
22052,0.08130447616285431
22053,0.05083723642362835
22054,0.04295163998723467
22055,0.06516007192649612
22056,0.07543312806547772
22057,0.04248508160779907
22058,0.10822520529046384
22059,0.1437822139383466
22060,0.12943642723935742
22061,0.06530297050476017
22062,0.1170738845823747
22063,0.15623093495525348
22064,0.2624922144878559
22065,0.15926627519567418
22066,0.3704693197812195
22067,0.38445186466514125
22068,0.2884833372736418
22069,0.4364625483585901
22070,0.32956586895277673
22071,0.36661754537308444
22072,0.26165705159835534
22073,0.9857475081743381
22074,0.5161972041261543
22075,0.545684123318275
22076,0.5491573786168633
22077,0.9951362828335456
22078,0.5348039145486132
22079,0.06519285553365071
22080,0.04633020822750837
22081,0.02661804324179425
22082,0.12331555520298221
22083,0.04703243046474245
22084,0.11130404642377492
22085,0.04803248276126937
22086,0.06989471811902018
22087,0.06560482265861989
22088,0.049159794866427124
22089,0.15946731971133665
22090,0.1890694615946455
22091,0.061653156620342944
22092,0.0685191043548163
22093,0.13853497094571893
22094,0.15481341686080063
22095,0.1045152674266768
22096,0.11386664833163067
22097,0.10686097242458169
22098,0.13594464673358686
22099,0.13833716766949622
22100,0.1640485581120529
22101,0.26660089256869995
22102,0.18747224076995872
22103,0.2530771146211413
22104,0.17774917574190993
22105,0.8065390840817771
22106,0.2540157610031404
22107,0.46297665162162116
22108,0.4606611676822583
22109,0.017988732584197874
22110,0.0272455131074223
22111,0.018642582769535863
22112,0.0289402804613083
22113,0.015854575945892943
22114,0.031235889993589016
22115,0.03536503834979828
22116,0.03002100559656301
22117,0.07240138397270354
22118,0.0616301419306039
22119,0.10425383710460707
22120,0.0775636125542754
22121,0.03315834727915347
22122,0.10497331257194624
22123,0.059286570492661235
22124,0.190870003577628
22125,0.18269082096512784
22126,0.10928713494343303
22127,0.1805933144589147
22128,0.06310182885286472
22129,0.24160501798644898
22130,0.14224345926819443
22131,0.25134660688020255
22132,0.13072012289861681
22133,0.3390642868185652
22134,0.19760916963614544
22135,0.33682110424708006
22136,0.36340189414298407
22137,0.5541860995813024
22138,0.2386733237757712
22139,0.4711288133581311
22140,0.5244512341785821
22141,0.0428564091748677
22142,0.02071822145396487
22143,0.03669711532084137
22144,0.051422091689903277
22145,0.02343798809745623
22146,0.04224881202244086
22147,0.06210090797893286
22148,0.0810161149460659
22149,0.04393794994631182
22150,0.04166129772767076
22151,0.034944698024260826
22152,0.06906672567309655
22153,0.04612245330885389
22154,0.10456363862637863
22155,0.06455219669430634
22156,0.04057412755492835
22157,0.16180435448791292
22158,0.11043016279406857
22159,0.17567110525160706
22160,0.1365976934091346
22161,0.13315125104074926
22162,0.11587642747204323
22163,0.02345160399339566
22164,0.027026761081121155
22165,0.018261604272336193
22166,0.04571908155460894
22167,0.0238054500055522
22168,0.043371800544012
22169,0.03889374699604809
22170,0.05964928798677048
22171,0.08726938156051119
22172,0.04030351428212003
22173,0.06249067885196543
22174,0.03563912321113062
22175,0.06418697001763596
22176,0.0871234047987376
22177,0.06414136439410179
22178,0.0900872916491312
22179,0.06469201711083691
22180,0.06358328443664638
22181,0.0758713421339963
22182,0.10657330904955505
22183,0.08448248868276058
22184,0.18920301374785842
22185,0.09997023705717469
22186,0.11632309980103786
22187,0.25596875984757
22188,0.2379767561792318
22189,0.20468214320708886
22190,0.26850633817504643
22191,0.23136308134377778
22192,0.24711814619904865
22193,0.18274814042587836
22194,0.8852867351680319
22195,0.4153838786523692
22196,0.02936998399054865
22197,0.023894698658187843
22198,0.03680238943472981
22199,0.03533929370035404
22200,0.03881332956940384
22201,0.07188828857201753
22202,0.03591104838240564
22203,0.02221620116114413
22204,0.03739804727472293
22205,0.08337852226278766
22206,0.03650678766703783
22207,0.05714754773446189
22208,0.0629866338232068
22209,0.06163499072619263
22210,0.06727191820130402
22211,0.11141113072683852
22212,0.16829279431613223
22213,0.08096418836577245
22214,0.07994272403552771
22215,0.09027185345244261
22216,0.11816457274302898
22217,0.6173816353727833
22218,0.7452918320301976
22219,0.7522709478444655
22220,0.18194632096935937
22221,0.1120748162385989
22222,0.2857757573187572
22223,0.8045132759380388
22224,0.2583876931755362
22225,0.9465888999526477
22226,0.9207259144695281
22227,0.9500156521963687
22228,0.6842591696365172
22229,0.40286361623800215
22230,0.039726833435526895
22231,0.039059950675074985
22232,0.03226168566866112
22233,0.034144173490912096
22234,0.042980955934651476
22235,0.044867076558593594
22236,0.04160165246463839
22237,0.05022022477043983
22238,0.0625505578602583
22239,0.06812404601537676
22240,0.16099082758217198
22241,0.04729383392564796
22242,0.051334623034940075
22243,0.19248317965506595
22244,0.25772710325593334
22245,0.1009856683375892
22246,0.21981914763864396
22247,0.09088615114738541
22248,0.1738578189163775
22249,0.2876864421956711
22250,0.31720800206742344
22251,0.13647202656195853
22252,0.3364052118206483
22253,0.40149205720327913
22254,0.4437243407874363
22255,0.3998422356993461
22256,0.8564043946443521
22257,0.35588037511060977
22258,0.9767737925453496
22259,0.5913414894722678
22260,0.41336766888867743
22261,0.027501909226916952
22262,0.015390825138071374
22263,0.01612167178170007
22264,0.024452606283718325
22265,0.020423949322034073
22266,0.01878767423716175
22267,0.021443240194346368
22268,0.02187607127157654
22269,0.0232576655741617
22270,0.04224726901884499
22271,0.0369487608506596
22272,0.01298831111753129
22273,0.023775334339741282
22274,0.038329239936923366
22275,0.04103745077307312
22276,0.04581645639933508
22277,0.08093340515262062
22278,0.022549225114109558
22279,0.03539115171198388
22280,0.08473984572736236
22281,0.04323451801653963
22282,0.07090235621373876
22283,0.036781026903699575
22284,0.11730118406296576
22285,0.043867514088695846
22286,0.13432826356689834
22287,0.059634784252936314
22288,0.0453123239460312
22289,0.06631874101170739
22290,0.0568621160621036
22291,0.12218999780372307
22292,0.056494121483868565
22293,0.6342731648331108
22294,0.7016672222798741
22295,0.32263661344431754
22296,0.19802529232698932
22297,0.18985157413588447
22298,0.15835509263796171
22299,0.8417144632690988
22300,0.2917857537094869
22301,0.349571658100854
22302,0.4482473901472371
22303,0.03921970563161881
22304,0.023405146623554824
22305,0.05976114660456389
22306,0.034131758688386214
22307,0.06213280532903811
22308,0.03472016686927446
22309,0.07978542497794905
22310,0.07036664897045056
22311,0.06659938664507482
22312,0.0457547170634779
22313,0.10523297691694607
22314,0.15940224224193092
22315,0.10602980259209738
22316,0.20601258672771083
22317,0.2380600631433521
22318,0.11251603960028381
22319,0.2771544093736024
22320,0.0856654632317013
22321,0.28040998404445316
22322,0.019130991286425876
22323,0.027030103105350756
22324,0.026397313541418044
22325,0.019548108727783564
22326,0.040431428001685796
22327,0.04834776900235895
22328,0.06442077512416493
22329,0.02994356927988859
22330,0.06246967294722918
22331,0.03614860245687007
22332,0.051188048377158644
22333,0.05913021054489058
22334,0.06761166778478221
22335,0.05096981235425567
22336,0.09772956244893538
22337,0.15232357222577872
22338,0.09773024447297729
22339,0.17706750041573996
22340,0.12214148502005784
22341,0.06340737518685871
22342,0.30042225720876764
22343,0.10195565213907225
22344,0.05907303871179377
22345,0.07484335554581664
22346,0.06055992265398901
22347,0.13385372536296836
22348,0.09450015597056453
22349,0.1452740558286858
22350,0.17665421517853275
22351,0.13635092348252276
22352,0.08898630748247327
22353,0.17535178791269063
22354,0.15826855654307864
22355,0.18937922918354952
22356,0.19961585731776857
22357,0.2762179049977588
22358,0.33012528779420114
22359,0.13779528553236667
22360,0.18982260508933982
22361,0.18248671534772468
22362,0.1849824754197462
22363,0.3336051628468015
22364,0.33942345189785184
22365,0.3254252686790613
22366,0.3242054080775574
22367,0.33932813525720795
22368,0.3518646119518118
22369,0.3796093200096374
22370,0.3564942301080465
22371,0.9918156160745116
22372,0.9382808747501059
22373,0.6526336361400862
22374,0.698725030193069
22375,0.9945332592677919
22376,0.48463124588933926
22377,0.02796051722809147
22378,0.0705968465496488
22379,0.06426591253938901
22380,0.09753087542668111
22381,0.084311274151503
22382,0.10701195971062821
22383,0.04921831802392978
22384,0.06869320794233627
22385,0.10610219569717788
22386,0.15796178267246105
22387,0.1308134018925267
22388,0.12385367850092673
22389,0.08205816483480555
22390,0.15523697039410056
22391,0.261838739834598
22392,0.13406293679394354
22393,0.20927872021579147
22394,0.1154862411119787
22395,0.2999351967754482
22396,0.1359747683362009
22397,0.3214390074581433
22398,0.3817939263897494
22399,0.5525471941110891
22400,0.4024383931528999
22401,0.24918442245396158
22402,0.19403095289846653
22403,0.039243978305555184
22404,0.0326243405986453
22405,0.012680808846475898
22406,0.03047239345995852
22407,0.03166733636805426
22408,0.023001385677840804
22409,0.03474682078977335
22410,0.04415423956912017
22411,0.02861119279626495
22412,0.04802187657823113
22413,0.05699703467881867
22414,0.07209793514658015
22415,0.052723739211685494
22416,0.04129007952212247
22417,0.07392765760162731
22418,0.0708392195955244
22419,0.04162989947378085
22420,0.0423616341205222
22421,0.05064772026369627
22422,0.11849769953698173
22423,0.06861523088657472
22424,0.08776879091384274
22425,0.10413376882862926
22426,0.17070018221503452
22427,0.1408901599360603
22428,0.12403530313375026
22429,0.6062874280642151
22430,0.755694860095379
22431,0.16206390528580003
22432,0.17129869287040253
22433,0.11709852586771266
22434,0.46828013566041243
22435,0.2572244087535432
22436,0.3992276266234993
22437,0.8281523566516471
22438,0.4058284070137385
22439,0.9495772239041557
22440,0.5645832111374287
22441,0.014427828905903104
22442,0.04667032436860927
22443,0.029576411696075618
22444,0.03875300766151047
22445,0.03643617715916146
22446,0.043403611516775215
22447,0.03398535794342375
22448,0.08765428439977552
22449,0.08296239865557635
22450,0.06072088726590674
22451,0.05026676473213355
22452,0.08696856927122446
22453,0.053059865667036944
22454,0.027986939129919525
22455,0.19902764126885306
22456,0.065279707627358
22457,0.272466020519283
22458,0.13347556953169912
22459,0.23145852917157697
22460,0.13045660798844144
22461,0.02029098564148794
22462,0.023968945443540186
22463,0.01765599582694555
22464,0.0420998498457076
22465,0.02194476126463534
22466,0.023345331643725476
22467,0.04848706641906084
22468,0.06878385733446873
22469,0.03117469982856376
22470,0.040209774035870255
22471,0.046985565348503004
22472,0.015578091075965753
22473,0.14864586899213605
22474,0.06913050127795811
22475,0.08776995900098049
22476,0.09421605475030312
22477,0.09247385645080465
22478,0.13071686954767084
22479,0.057202834751256475
22480,0.04523043260195472
22481,0.09433554889517273
22482,0.6206984727866541
22483,0.7238321681241099
22484,0.11491167905081157
22485,0.021486283906200783
22486,0.02884522536259947
22487,0.03709826273922968
22488,0.018203131114123083
22489,0.04436541931936891
22490,0.03164743097186812
22491,0.03842686067068975
22492,0.1485282408878379
22493,0.10695980246908211
22494,0.051943920044651426
22495,0.060313196279564475
22496,0.059949767020658226
22497,0.05146729042703167
22498,0.0736060279132077
22499,0.10540853405980152
22500,0.040382929662241274
22501,0.07246363716835486
22502,0.09192338783956891
22503,0.07886309496192742
22504,0.07954224898978995
22505,0.16377014387792332
22506,0.15399031853373543
22507,0.15638832164991157
22508,0.10692080782618464
22509,0.15732396766037618
22510,0.33708380062316873
22511,0.24974602678533783
22512,0.16994566798605779
22513,0.22583509536602597
22514,0.22774842596635836
22515,0.46927522666315824
22516,0.29051112635446286
22517,0.937041949223233
22518,0.4318395470234052
22519,0.027719221448689102
22520,0.03728979032742282
22521,0.025898402744400983
22522,0.04498645293783203
22523,0.04362076469484568
22524,0.04615043399449852
22525,0.05718059468644875
22526,0.02974237090195831
22527,0.04920167581071262
22528,0.03914306162715415
22529,0.0670146636286089
22530,0.10199212718328418
22531,0.04564948968865655
22532,0.06788379565903238
22533,0.0701638982370437
22534,0.12231555010486299
22535,0.058478212373544045
22536,0.10262668641287521
22537,0.19815855483936673
22538,0.10717835427049777
22539,0.1051832322163278
22540,0.10916840962159512
22541,0.13635146852031726
22542,0.3739367013487777
22543,0.7583803068987119
22544,0.20056756364598397
22545,0.16579930919722932
22546,0.16343493627509625
22547,0.017589993234069415
22548,0.017236322478597656
22549,0.019803161379472713
22550,0.03958119650656431
22551,0.044848465879785526
22552,0.01282145322124461
22553,0.025801424581427295
22554,0.04361237499483453
22555,0.07604809583774104
22556,0.03355658139174325
22557,0.041946087513282146
22558,0.07180290805987898
22559,0.07107886186240808
22560,0.06196351743133624
22561,0.12523950523479213
22562,0.08410795831349137
22563,0.1580799910868143
22564,0.18718893941187986
22565,0.012769526944564496
22566,0.024629785113691866
22567,0.016245831441526762
22568,0.028966210412860918
22569,0.016026218001667265
22570,0.013360719510624473
22571,0.04862748179476888
22572,0.05234429243072663
22573,0.04787232887332497
22574,0.03647831523192202
22575,0.04150567820553358
22576,0.02973230409993636
22577,0.052795971217543744
22578,0.019194284309445822
22579,0.05075836902528989
22580,0.06808832754934273
22581,0.04083077319365137
22582,0.0365653095726381
22583,0.09814155105874729
22584,0.06421508738235936
22585,0.08951287878182437
22586,0.27608453149047996
22587,0.2003991415943878
22588,0.13557592272662805
22589,0.0860493857237305
22590,0.13340023928007594
22591,0.015113738419773395
22592,0.022349849102088475
22593,0.043144145058127886
22594,0.016457225531597293
22595,0.02952793841110009
22596,0.055926002249496114
22597,0.029587915463628413
22598,0.04107950652178334
22599,0.0445546037817281
22600,0.028164696489191572
22601,0.07437665954090361
22602,0.052600273538075365
22603,0.1454081264264059
22604,0.05985846139862788
22605,0.046196966828292475
22606,0.01765676495720036
22607,0.015136474110458297
22608,0.02684084250754372
22609,0.024815457322911214
22610,0.020693862984308288
22611,0.08784400947410699
22612,0.03895368949020613
22613,0.07387411756458587
22614,0.04279275312687367
22615,0.04772524719924756
22616,0.05997795450736731
22617,0.035380065762950295
22618,0.11108005683113523
22619,0.060639462036239836
22620,0.025522979591503393
22621,0.05960456628372693
22622,0.15205147155184096
22623,0.14193713288970394
22624,0.26455830990975654
22625,0.10571121099464267
22626,0.045834542895969665
22627,0.14268744335365807
22628,0.1221083862176452
22629,0.18104626458325698
22630,0.22621318901073711
22631,0.3090578218293999
22632,0.973248644776193
22633,0.18728834854947699
22634,0.26142057668752194
22635,0.01805484735085091
22636,0.028049954618954057
22637,0.04694382390722659
22638,0.0416101150247481
22639,0.025876943023875793
22640,0.03781102254258345
22641,0.023579449201813027
22642,0.07854106340287807
22643,0.03648201629130142
22644,0.05978012573772138
22645,0.0591357580284785
22646,0.10718997699473437
22647,0.10269098624878292
22648,0.08428263507880561
22649,0.07646562184822327
22650,0.04869014354769022
22651,0.12076414037066001
22652,0.23570399557274224
22653,0.1987240923044097
22654,0.15499248079292374
22655,0.125483433680999
22656,0.2362195580416647
22657,0.13137488231870262
22658,0.2799474170573568
22659,0.02115510514573799
22660,0.016886735894023848
22661,0.017382201742635734
22662,0.014324747546414968
22663,0.024422873621525468
22664,0.01973970508313356
22665,0.050533181731403136
22666,0.029713191773393332
22667,0.021294187697093844
22668,0.03340504960419481
22669,0.05645266688689838
22670,0.05604862939370247
22671,0.1294899268934553
22672,0.057289033159032235
22673,0.04169877473390315
22674,0.08752414933564948
22675,0.08157359252310528
22676,0.05686507705334909
22677,0.08268056219369804
22678,0.16805160842457645
22679,0.05336086236664769
22680,0.10662190485230898
22681,0.16856243724072612
22682,0.16802935322632595
22683,0.11042974735882363
22684,0.16273414218943774
22685,0.3404651110462776
22686,0.20824397294571054
22687,0.11802259600564481
22688,0.028939372510169658
22689,0.08284927398304887
22690,0.07163613797541113
22691,0.04856822898040169
22692,0.05398412195154959
22693,0.046854422775529016
22694,0.0491780403371085
22695,0.05466450306017345
22696,0.06226990414688871
22697,0.0814173913131551
22698,0.07803403223989672
22699,0.07311305730533926
22700,0.11456716327049514
22701,0.1021738728446676
22702,0.09116862393004765
22703,0.07412345788645475
22704,0.3332693952900256
22705,0.06681009292185959
22706,0.20679761748868658
22707,0.3023756136067335
22708,0.19851708719984634
22709,0.8290260960055839
22710,0.8927626073342306
22711,0.8846932986239896
22712,0.5615216895123909
22713,0.5106487973642108
22714,0.9533649706268031
22715,0.4721953662386855
22716,0.06440102794726224
22717,0.01436015987685577
22718,0.03943056227626654
22719,0.035970565975180065
22720,0.025662421969683588
22721,0.029260372563023423
22722,0.03919577230963699
22723,0.09068880643507075
22724,0.06261224895588204
22725,0.09402071301523979
22726,0.12276170677577079
22727,0.09245225451369123
22728,0.08443607378096174
22729,0.13784125140812742
22730,0.1085468126412468
22731,0.11504078413639075
22732,0.26749742276367683
22733,0.19996340475590862
22734,0.10017695500261392
22735,0.09210826222772137
22736,0.3177390796670588
22737,0.18657772818040613
22738,0.2209408451918974
22739,0.31967844625200326
22740,0.8040855659658183
22741,0.976399241251084
22742,0.5320497255052844
22743,0.2586229017392024
22744,0.01929930104036617
22745,0.01427114274395369
22746,0.01802924590643674
22747,0.04859191830904996
22748,0.0211710883316298
22749,0.044991613597967016
22750,0.06061269745836705
22751,0.045256326254817396
22752,0.08279460350087099
22753,0.05281151935568747
22754,0.05978948073718529
22755,0.053721363901630195
22756,0.06772271597131892
22757,0.053204820982027244
22758,0.06799062835813753
22759,0.08092957963008182
22760,0.12732979749078882
22761,0.07369971858578456
22762,0.10539942281813837
22763,0.07948255002050807
22764,0.11396773230509552
22765,0.16071776840282917
22766,0.17145919102947907
22767,0.3063101650716948
22768,0.1364439204099999
22769,0.19674213844377564
22770,0.9868134291763565
22771,0.9802453082772399
22772,0.5340355131169601
22773,0.3628702702602298
22774,0.29797093646543854
22775,0.015160640909990936
22776,0.019819477295031918
22777,0.05317187535129786
22778,0.03521908221494697
22779,0.053143043648959394
22780,0.04986228119387774
22781,0.03296618788008971
22782,0.041795239327224815
22783,0.030702262375659685
22784,0.029791999849928457
22785,0.05220884512579702
22786,0.08840261380588475
22787,0.041916686094124044
22788,0.10260032926952203
22789,0.05797203869035068
22790,0.05897249389216844
22791,0.06107694295635878
22792,0.07751244750514855
22793,0.09060991181120272
22794,0.11310653591133839
22795,0.11296241632622063
22796,0.185792906169911
22797,0.0769068934999252
22798,0.1362304571763346
22799,0.6006736958543647
22800,0.7920855494789899
22801,0.22279631287273452
22802,0.22333779914870697
22803,0.25278826239909824
22804,0.035779764450145274
22805,0.058947195334221034
22806,0.043400598138596966
22807,0.058050264745208344
22808,0.14297391030985543
22809,0.13496281069409002
22810,0.09602635468657823
22811,0.151739770579391
22812,0.07296659560409893
22813,0.0953230227257082
22814,0.20612341365829812
22815,0.08624372350189083
22816,0.14887701651958074
22817,0.14815255518774637
22818,0.15255793648126117
22819,0.19632403993326583
22820,0.40281405075195015
22821,0.1841857022262134
22822,0.3381210307704216
22823,0.43861211989014637
22824,0.27908389063102573
22825,0.2841079941418073
22826,0.42776613961727217
22827,0.5543926099229588
22828,0.4971354183029244
22829,0.3199478542344133
22830,0.42123039469526313
22831,0.9111028025007619
22832,0.9101536188620825
22833,0.5882355259068799
22834,0.6100211792565634
22835,0.05596809957751616
22836,0.02521544774475028
22837,0.01424322203212052
22838,0.03935027614714833
22839,0.05607458879192243
22840,0.04228103698587316
22841,0.0634407405356639
22842,0.06735267843361728
22843,0.05470373782774673
22844,0.9429358268622138
22845,0.0816226284207085
22846,0.5379644659549686
22847,0.07910649072591308
22848,0.20702179453785374
22849,0.16152293713608754
22850,0.03489336379166293
22851,0.028466545664776965
22852,0.031859807980405365
22853,0.05526081546900837
22854,0.02984918666502074
22855,0.042395642715251945
22856,0.104415859545151
22857,0.03756164956722114
22858,0.035666551273529454
22859,0.046895608742993804
22860,0.06820655225995362
22861,0.11803604307519884
22862,0.07329185814572732
22863,0.10526527540890733
22864,0.652458012556515
22865,0.11113295696471842
22866,0.29276528816439995
22867,0.16171036045242143
22868,0.1736307126698452
22869,0.11740488360196331
22870,0.030316805799319516
22871,0.024343982022537645
22872,0.025012378451541188
22873,0.027494745907789837
22874,0.020826509838988174
22875,0.022209202453242285
22876,0.03059975334874099
22877,0.08758526901783817
22878,0.04666156818986437
22879,0.0246624341556218
22880,0.03160080902786892
22881,0.042843834948144935
22882,0.08515593558408177
22883,0.08541461338868545
22884,0.05522813769185965
22885,0.09028366511792286
22886,0.03981190094614808
22887,0.12404341288407804
22888,0.09179268639003524
22889,0.0479419904826699
22890,0.4189063668705974
22891,0.23443347341674425
22892,0.2483545211842139
22893,0.31652729563193505
22894,0.10331949881855558
22895,0.3709904058203785
22896,0.4684817504986221
22897,0.34936097391608917
22898,0.1929163593795898
22899,0.2558300047566921
22900,0.4634204976122817
22901,0.6048440764371461
22902,0.017306525005434253
22903,0.007912721111288485
22904,0.030035250629536922
22905,0.01351370634571217
22906,0.03637681531450719
22907,0.020741992214575348
22908,0.02824213719308664
22909,0.039906701312710575
22910,0.043924301202298975
22911,0.04979183839218724
22912,0.050590903714888835
22913,0.025899552074149283
22914,0.10926054396971516
22915,0.05568802700383957
22916,0.08231688977521923
22917,0.07239438682228337
22918,0.089625553866699
22919,0.03155289940137258
22920,0.021877511637320695
22921,0.03820278806726965
22922,0.04765626587540363
22923,0.057352121593427015
22924,0.022572917037217262
22925,0.05114918234861231
22926,0.028698876793743062
22927,0.04866053977865264
22928,0.040169366155519
22929,0.027835524409671568
22930,0.03053577876189386
22931,0.03551185261337271
22932,0.0640149322899752
22933,0.05981766220683315
22934,0.03988918209688263
22935,0.0663409635019799
22936,0.04619050700235858
22937,0.07655664309499838
22938,0.10988032616075438
22939,0.08836520878525196
22940,0.08446376703535845
22941,0.07823469307579864
22942,0.07920786405952512
22943,0.110728056407019
22944,0.1024451615755175
22945,0.39658152327077634
22946,0.7970374789513922
22947,0.09284284457569232
22948,0.7531909579355788
22949,0.723563459264335
22950,0.16474172479869134
22951,0.047230725195283686
22952,0.03485852074627912
22953,0.030763377479797578
22954,0.07047673344743481
22955,0.08742236450783464
22956,0.05135011066249333
22957,0.04989653436921267
22958,0.046337743328359805
22959,0.10281410094936272
22960,0.029944286719639914
22961,0.06901828197630702
22962,0.05189381323029593
22963,0.05509465535526729
22964,0.06937382296288022
22965,0.09058560098202541
22966,0.12605120692264857
22967,0.060701169939460516
22968,0.15897648633212405
22969,0.10816440212263763
22970,0.11534238972053676
22971,0.06335213975048587
22972,0.1013404196285566
22973,0.21275939453767054
22974,0.10481126606173514
22975,0.1214628478497534
22976,0.6234877481142097
22977,0.04067251040764667
22978,0.05850876544890785
22979,0.04949717003598051
22980,0.08387301248128638
22981,0.0675617180673409
22982,0.06782601326539389
22983,0.05124493145885455
22984,0.13236605566671591
22985,0.0662469014257501
22986,0.10979947558891773
22987,0.07353214330437591
22988,0.0898036009083359
22989,0.14355352507195576
22990,0.10116253923863076
22991,0.13185382635403
22992,0.14363370292306446
22993,0.15643143272300508
22994,0.6793145011352139
22995,0.09841221785395274
22996,0.7099106245697845
22997,0.8163403105086265
22998,0.3402554061673955
22999,0.38571079421512466
23000,0.383105369946003
23001,0.4660703103185603
23002,0.28489252635062223
23003,0.057508368243050285
23004,0.025253600468321615
23005,0.03377948701935643
23006,0.0564989265509295
23007,0.04533183021248125
23008,0.03229933777302783
23009,0.02772531953805714
23010,0.038587865572033656
23011,0.06313844902459835
23012,0.06199206523729219
23013,0.05894893238140636
23014,0.04421456856283125
23015,0.06550453074346461
23016,0.07203484786489162
23017,0.07131544374995183
23018,0.07132075204719611
23019,0.12746256484221583
23020,0.05800628927974085
23021,0.06753823322798065
23022,0.1798906376912906
23023,0.15067700885968768
23024,0.5933692381981339
23025,0.17845804370193533
23026,0.18422493387461894
23027,0.2656720180899891
23028,0.05504715767855041
23029,0.03331389585495327
23030,0.025531980595603736
23031,0.045959460979546014
23032,0.055907149001547196
23033,0.03724650711247862
23034,0.10480752123869845
23035,0.05775431745099439
23036,0.07898161478671123
23037,0.06744320245430276
23038,0.04904950549039596
23039,0.10924360411320452
23040,0.10065527256730047
23041,0.22159340909936404
23042,0.1021466433164605
23043,0.3558481382556462
23044,0.16057851928599257
23045,0.22756730188694055
23046,0.14006527462222776
23047,0.12773584406502905
23048,0.11520451891441463
23049,0.18134823261678668
23050,0.378740255039594
23051,0.16496531480440124
23052,0.04377494237444098
23053,0.24335819711582576
23054,0.3656982486595754
23055,0.3932606560419957
23056,0.388629958569157
23057,0.022886328941036954
23058,0.0322845065049588
23059,0.02006984520748704
23060,0.03817967836867394
23061,0.10075785490094134
23062,0.06049363574931033
23063,0.09329515296854507
23064,0.08492961731744003
23065,0.09273666576762353
23066,0.06264566937425001
23067,0.046283265500555594
23068,0.03370077821157802
23069,0.09974783451847893
23070,0.12695754592510347
23071,0.20804337174687162
23072,0.27309659900553696
23073,0.0993214945903883
23074,0.11671034169093661
23075,0.18275640901669357
23076,0.1542732832152301
23077,0.04472902477115977
23078,0.04364867511125352
23079,0.03328909900169906
23080,0.025317178841982153
23081,0.049511644271277966
23082,0.04897621084215162
23083,0.0318361146362357
23084,0.025556548221550054
23085,0.045141540949709014
23086,0.03292906162434146
23087,0.07313111420412897
23088,0.3595312155272094
23089,0.5556094695055711
23090,0.46646891152836184
23091,0.08789317879581454
23092,0.1199898606199972
23093,0.07948024073717218
23094,0.06206629149284656
23095,0.0654316302938671
23096,0.04178569131631281
23097,0.02993376907913353
23098,0.04814000355697807
23099,0.10858277533590747
23100,0.04182215092405979
23101,0.07122861942136952
23102,0.16308728340604728
23103,0.05550188043227966
23104,0.10028912748534978
23105,0.07039353771494636
23106,0.09368761103084043
23107,0.13350742890639056
23108,0.1025140819983733
23109,0.12172570465654071
23110,0.194214676288281
23111,0.225925106331243
23112,0.14859331521810232
23113,0.2588555367718123
23114,0.15342475396484168
23115,0.30523755010427206
23116,0.16960401573667014
23117,0.21823450634854535
23118,0.31361277027386636
23119,0.32754440551210867
23120,0.27713091190653016
23121,0.17627670862644565
23122,0.3235304338561794
23123,0.030449022848996553
23124,0.02745216794043669
23125,0.02960971328976448
23126,0.02729015430503438
23127,0.03664409897695973
23128,0.07348623128286325
23129,0.048851960369102936
23130,0.06185935845652145
23131,0.10385333051607658
23132,0.10077964813786591
23133,0.08857027390664143
23134,0.11689516505924155
23135,0.08624591613803781
23136,0.07642966567036899
23137,0.0881686783141084
23138,0.05781936585372887
23139,0.135380376451645
23140,0.13763124390515397
23141,0.16641178536861137
23142,0.10597768982132737
23143,0.06153410467511384
23144,0.12447728448233501
23145,0.20443691360118546
23146,0.2052722213657839
23147,0.1768690739398145
23148,0.19069181880796907
23149,0.18969409794869196
23150,0.3307892717261418
23151,0.237430563464956
23152,0.4055250409759774
23153,0.48458456312600107
23154,0.21368087429594015
23155,0.28748922933399074
23156,0.21962562640465244
23157,0.4170884441443519
23158,0.2905757594462536
23159,0.015739253161757668
23160,0.04134578776999853
23161,0.013130224238894032
23162,0.025620993871312142
23163,0.023922443128554703
23164,0.025010319685709943
23165,0.02835064811735584
23166,0.02731122468950478
23167,0.03268160250024786
23168,0.06026873692764182
23169,0.05437427175642614
23170,0.1172766768446355
23171,0.09505145237271788
23172,0.07514949132726736
23173,0.13194996953814925
23174,0.09831154911032784
23175,0.07599295626803544
23176,0.09796705050101494
23177,0.16278712909001963
23178,0.10521017081013062
23179,0.1925685531752973
23180,0.12356565703980993
23181,0.23535359455436206
23182,0.16598859535527738
23183,0.2819985124420479
23184,0.3830614437687067
23185,0.21215381065031616
23186,0.2581266940568951
23187,0.2472226907983676
23188,0.40804319803938266
23189,0.6207400553120975
23190,0.020593682982550075
23191,0.02800417500044813
23192,0.024033228951778462
23193,0.029836260486976986
23194,0.01607562625748856
23195,0.03683857584096811
23196,0.04652758250778715
23197,0.025805125697816216
23198,0.045335984321470096
23199,0.023510177117077386
23200,0.07550270143340312
23201,0.04425360815256096
23202,0.031303944026092635
23203,0.07186356541418054
23204,0.044460353973722964
23205,0.04559869077181301
23206,0.09953265830564749
23207,0.11784828391190343
23208,0.07342069431183694
23209,0.21050278296986694
23210,0.11099232333493517
23211,0.11554627074178779
23212,0.11689669246556432
23213,0.015337359838014394
23214,0.018110032333630524
23215,0.01813116763243884
23216,0.01694700093657617
23217,0.006749468368585496
23218,0.028819882696026387
23219,0.022090304813651512
23220,0.01725540085239161
23221,0.06392766021347095
23222,0.058348018597464926
23223,0.02089824291301888
23224,0.032392044828299014
23225,0.09052868991411857
23226,0.0473216091843296
23227,0.03105444655601928
23228,0.046432523133608676
23229,0.11169821446072388
23230,0.05547704232617497
23231,0.05569287606570358
23232,0.06712827197571226
23233,0.11607782371742562
23234,0.11714971833205182
23235,0.11527897827687403
23236,0.4274318570209964
23237,0.09519901055444836
23238,0.6440881645074915
23239,0.15132845912027673
23240,0.779754405556996
23241,0.8032596629767648
23242,0.8097116576104618
23243,0.22851560297430126
23244,0.034140856165993695
23245,0.05562676491326626
23246,0.05570826829129019
23247,0.10137927001889037
23248,0.05809999852558095
23249,0.12617561259503884
23250,0.07239606081100329
23251,0.09538557291501717
23252,0.06398310304247577
23253,0.15902418488369335
23254,0.07639183207235599
23255,0.07327283578544953
23256,0.07105761257399662
23257,0.09477182082723885
23258,0.14390291855002924
23259,0.08024653633513672
23260,0.10508219767364256
23261,0.21884011679764548
23262,0.3066528606252335
23263,0.24536987066570856
23264,0.08021478697870284
23265,0.20403162654868143
23266,0.14676041290631295
23267,0.13298753949007608
23268,0.17385475804555256
23269,0.2322847110855245
23270,0.2477488137440898
23271,0.3006413858784539
23272,0.2958512705215383
23273,0.023911598672995617
23274,0.02024740867165255
23275,0.023655875843766976
23276,0.07942894915009098
23277,0.03879991215286655
23278,0.062380336013588146
23279,0.04371980561291584
23280,0.09122833502661114
23281,0.10771624546104991
23282,0.08075028236491755
23283,0.04707171071830241
23284,0.08537793735107056
23285,0.13420752527563748
23286,0.10938147710166846
23287,0.2829045982014516
23288,0.10084559556633188
23289,0.07446603548817253
23290,0.13214215661128242
23291,0.08899185022394346
23292,0.9676111350478098
23293,0.2397161522592273
23294,0.9727960358278078
23295,0.35914611742140284
23296,0.25908650039981646
23297,0.12584562164437174
23298,0.046666413838597445
23299,0.09728068641241545
23300,0.0626336691257513
23301,0.04644523166451738
23302,0.09908909511658179
23303,0.054119877618007205
23304,0.04559636399352859
23305,0.09057656095921221
23306,0.12519245386582883
23307,0.10792436399854734
23308,0.08667286387795795
23309,0.06849052324703907
23310,0.12131063361428562
23311,0.25746145602232284
23312,0.16151331457169035
23313,0.2487995548925522
23314,0.13188160302900245
23315,0.22679459928797105
23316,0.14963481876031245
23317,0.3957451047113404
23318,0.1924047983611405
23319,0.20402717489597313
23320,0.4412090569184223
23321,0.4495595516179778
23322,0.19856361691866845
23323,0.3552707827718845
23324,0.2729407718112127
23325,0.44278195352192107
23326,0.3042776020713533
23327,0.37893881242761307
23328,0.020560927098335943
23329,0.046889923732768804
23330,0.056557520414131875
23331,0.02915798244586208
23332,0.03337190057523393
23333,0.02197897638778973
23334,0.07923865411560933
23335,0.03453772114246058
23336,0.033317697937881516
23337,0.03429139380032783
23338,0.050004514929678764
23339,0.05768062530854828
23340,0.05769050634096627
23341,0.05416437463254674
23342,0.1344640046842658
23343,0.04149240804273598
23344,0.04844804575429797
23345,0.04518163639572721
23346,0.06097035961847076
23347,0.02438450433414508
23348,0.07573244626715997
23349,0.06286146446815626
23350,0.0580855528350533
23351,0.041597452442686
23352,0.11984997941625897
23353,0.03633010632935529
23354,0.06658847104143531
23355,0.10004756719486291
23356,0.08151934940322231
23357,0.12496711819392393
23358,0.12217289252122307
23359,0.07500016061558899
23360,0.15779291466193923
23361,0.0968386378231203
23362,0.13246809383355912
23363,0.10128739990330635
23364,0.10422138943536086
23365,0.6750278891425516
23366,0.34347775601512337
23367,0.7774673882497706
23368,0.9702090026427317
23369,0.24818871812111673
23370,0.016177447241512082
23371,0.02017077676947146
23372,0.013910736604800664
23373,0.020003725848333532
23374,0.04030904452338177
23375,0.030200276769937705
23376,0.04115534649615311
23377,0.03284609003628699
23378,0.02641006774295635
23379,0.04295215016597288
23380,0.0861793520614608
23381,0.054314951347105796
23382,0.06673299422995464
23383,0.052783181271449396
23384,0.06000804833690355
23385,0.10146699355924495
23386,0.944719913868626
23387,0.9435938701171495
23388,0.1503089638892633
23389,0.20373888868290396
23390,0.1654510314828526
23391,0.04558339830688116
23392,0.036492474338166825
23393,0.03399570559952926
23394,0.016686203518099286
23395,0.02983745888811186
23396,0.06797281702429205
23397,0.09458354433784147
23398,0.09994835253729499
23399,0.09164330884302171
23400,0.0389967277137002
23401,0.04080833809831948
23402,0.0555167651600018
23403,0.03801534115560055
23404,0.08010909351196936
23405,0.07706676520045727
